#e,compiler,fidelity no crosstalk,fidelity,g1,g2,D,avg idling time,idling time,qubit lifetime,avg two qubit gate fidelity,two qubit gate fidelity,gates,gate_spec
0,sabre_basic,0.11422476947756449,0.21875413999072774,203,90,938,325.0833333333333,"[180, 2, 854, 368, 341, 5, 340, 685, 161, 11, 386, 568]","[369, 211, 938, 935, 372, 381, 565, 765, 181, 211, 413, 586, 0, 0, 0, 0]",0.9869222222222223,"[0.9800000000000001, 0.9805, 0.9755, 0.9800000000000001, 0.9850000000000001, 0.9800000000000001, 0.9805, 0.9755, 0.9800000000000001, 0.9850000000000001, 0.9800000000000001, 0.9805, 0.9755, 0.9800000000000001, 0.9850000000000001, 0.986, 0.986, 0.986, 0.986, 0.986, 0.986, 0.986, 0.986, 0.986, 0.986, 0.986, 0.986, 0.991, 0.991, 0.991, 0.986, 0.986, 0.986, 0.986, 0.986, 0.986, 0.986, 0.986, 0.986, 0.986, 0.986, 0.986, 0.991, 0.9855, 0.9855, 0.9900000000000001, 0.9855, 0.9855, 0.9900000000000001, 0.9905, 0.9905, 0.991, 0.991, 0.991, 0.991, 0.991, 0.991, 0.991, 0.991, 0.991, 0.991, 0.991, 0.991, 0.986, 0.986, 0.986, 0.986, 0.986, 0.986, 0.991, 0.991, 0.991, 0.991, 0.991, 0.991, 0.986, 0.986, 0.986, 0.986, 0.986, 0.986, 0.991, 0.991, 0.991, 0.991, 0.991, 0.991, 0.991, 0.991, 0.991]","[[0], [1], (0, 1), [0], [1], (0, 1), [0], [1], (0, 1), [0], [1], [2], [3], (2, 3), [2], [3], (2, 3), [2], [3], (2, 3), [2], [3], (1, 2), [1], [2], (1, 2), [1], [2], (1, 2), [1], [2], [1], (2, 3), [2], [3], (2, 3), [2], [3], (2, 3), [2], [3], [4], [5], (4, 5), [4], [5], (4, 5), [4], [5], (4, 5), [4], [5], (1, 2), [1], [2], (1, 2), [1], [2], (1, 2), [1], [2], (0, 1), [0], [1], (0, 1), [0], [1], (0, 1), [0], [1], (0, 4), [0], [4], (0, 4), [0], [4], (0, 4), [0], [4], [0], [6], [7], (6, 7), [6], [7], (6, 7), [6], [7], (6, 7), [6], [7], (5, 6), [5], [6], (5, 6), [5], [6], (5, 6), [5], [6], [5], (6, 7), [6], [7], (6, 7), [6], [7], (6, 7), [6], [7], [8], [9], (8, 9), [8], [9], (8, 9), [8], [9], (8, 9), [8], [9], (5, 6), [5], [6], (5, 6), [5], [6], (5, 6), [5], [6], [9], (8, 9), [8], [9], (8, 9), [8], [9], (8, 9), [8], [9], (5, 9), [5], [9], (5, 9), [5], [9], (5, 9), [5], [9], [5], [1], (1, 2), [1], [2], (1, 2), [1], [2], (1, 2), [1], [2], [3], [3], (2, 3), [2], [3], (2, 3), [2], [3], (2, 3), [2], [3], [4], (4, 5), [4], [5], (4, 5), [4], [5], (4, 5), [4], [5], (5, 6), [5], [6], (5, 6), [5], [6], (5, 6), [5], [6], [7], [7], (6, 7), [6], [7], (6, 7), [6], [7], (6, 7), [6], [7], (3, 7), [3], [7], (3, 7), [3], [7], (3, 7), [3], [7], [3], [9], (9, 10), [9], [10], (9, 10), [9], [10], (9, 10), [9], [10], (6, 10), [6], [10], (6, 10), [6], [10], (6, 10), [6], [10], [6], (10, 11), [10], [11], (10, 11), [10], [11], (10, 11), [10], [11], [2], [7], (3, 7), [3], [7], (3, 7), [3], [7], (3, 7), [3], [7], [2], (2, 3), [2], [3], (2, 3), [2], [3], (2, 3), [2], [3], (7, 11), [7], [11], (7, 11), [7], [11], (7, 11), [7], [11], (3, 7), [3], [7], (3, 7), [3], [7], (3, 7), [3], [7], [3], [2], (3, 7), [3], [7], (3, 7), [3], [7], (3, 7), [3], [7], [2], (2, 3), [2], [3], (2, 3), [2], [3], (2, 3), [2], [3], [3], [2]]","['sg', 'sg', 'syc', 'sg', 'sg', 'syc', 'sg', 'sg', 'syc', 'sg', 'sg', 'sg', 'sg', 'syc', 'sg', 'sg', 'syc', 'sg', 'sg', 'syc', 'sg', 'sg', 'syc', 'sg', 'sg', 'syc', 'sg', 'sg', 'syc', 'sg', 'sg', 'm0', 'syc', 'sg', 'sg', 'syc', 'sg', 'sg', 'syc', 'sg', 'sg', 'sg', 'sg', 'syc', 'sg', 'sg', 'syc', 'sg', 'sg', 'syc', 'sg', 'sg', 'syc', 'sg', 'sg', 'syc', 'sg', 'sg', 'syc', 'sg', 'sg', 'syc', 'sg', 'sg', 'syc', 'sg', 'sg', 'syc', 'sg', 'sg', 'syc', 'sg', 'sg', 'syc', 'sg', 'sg', 'syc', 'sg', 'sg', 'm1', 'sg', 'sg', 'syc', 'sg', 'sg', 'syc', 'sg', 'sg', 'syc', 'sg', 'sg', 'syc', 'sg', 'sg', 'syc', 'sg', 'sg', 'syc', 'sg', 'sg', 'm2', 'syc', 'sg', 'sg', 'syc', 'sg', 'sg', 'syc', 'sg', 'sg', 'sg', 'sg', 'syc', 'sg', 'sg', 'syc', 'sg', 'sg', 'syc', 'sg', 'sg', 'syc', 'sg', 'sg', 'syc', 'sg', 'sg', 'syc', 'sg', 'sg', 'm4', 'syc', 'sg', 'sg', 'syc', 'sg', 'sg', 'syc', 'sg', 'sg', 'syc', 'sg', 'sg', 'syc', 'sg', 'sg', 'syc', 'sg', 'sg', 'm3', 'v0', 'syc', 'sg', 'sg', 'syc', 'sg', 'sg', 'syc', 'sg', 'sg', 'v1', 'sg', 'syc', 'sg', 'sg', 'syc', 'sg', 'sg', 'syc', 'sg', 'sg', 'v2', 'syc', 'sg', 'sg', 'syc', 'sg', 'sg', 'syc', 'sg', 'sg', 'syc', 'sg', 'sg', 'syc', 'sg', 'sg', 'syc', 'sg', 'sg', 'v3', 'sg', 'syc', 'sg', 'sg', 'syc', 'sg', 'sg', 'syc', 'sg', 'sg', 'syc', 'sg', 'sg', 'syc', 'sg', 'sg', 'syc', 'sg', 'sg', 'm5', 'v4', 'syc', 'sg', 'sg', 'syc', 'sg', 'sg', 'syc', 'sg', 'sg', 'syc', 'sg', 'sg', 'syc', 'sg', 'sg', 'syc', 'sg', 'sg', 'm6', 'syc', 'sg', 'sg', 'syc', 'sg', 'sg', 'syc', 'sg', 'sg', 'v5', 'v6', 'syc', 'sg', 'sg', 'syc', 'sg', 'sg', 'syc', 'sg', 'sg', 'sg', 'syc', 'sg', 'sg', 'syc', 'sg', 'sg', 'syc', 'sg', 'sg', 'syc', 'sg', 'sg', 'syc', 'sg', 'sg', 'syc', 'sg', 'sg', 'syc', 'sg', 'sg', 'syc', 'sg', 'sg', 'syc', 'sg', 'sg', 'm7', 'v7', 'syc', 'sg', 'sg', 'syc', 'sg', 'sg', 'syc', 'sg', 'sg', 'sg', 'syc', 'sg', 'sg', 'syc', 'sg', 'sg', 'syc', 'sg', 'sg', 'm8', 'v8']"
0,sabre_lookahead,0.15523117667248498,0.27519724115641614,175,75,936,262.25,"[171, 356, 351, 9, 170, 348, 516, 171, 161, 710, 173, 11]","[193, 565, 553, 29, 190, 933, 758, 369, 181, 936, 351, 29, 0, 0, 0, 0]",0.9866399999999999,"[0.9800000000000001, 0.9805, 0.9755, 0.9800000000000001, 0.9850000000000001, 0.9800000000000001, 0.9805, 0.9755, 0.9800000000000001, 0.9850000000000001, 0.9800000000000001, 0.9805, 0.9755, 0.9800000000000001, 0.9850000000000001, 0.9855, 0.981, 0.9855, 0.9855, 0.981, 0.9855, 0.9855, 0.981, 0.9855, 0.986, 0.986, 0.986, 0.986, 0.986, 0.986, 0.991, 0.991, 0.991, 0.986, 0.986, 0.9855, 0.981, 0.9855, 0.9855, 0.981, 0.9855, 0.986, 0.986, 0.991, 0.991, 0.991, 0.991, 0.991, 0.991, 0.991, 0.991, 0.991, 0.991, 0.986, 0.986, 0.991, 0.991, 0.991, 0.991, 0.991, 0.991, 0.991, 0.991, 0.991, 0.991, 0.991, 0.991, 0.991, 0.991, 0.991, 0.991, 0.991, 0.991, 0.991, 0.991]","[[0], [1], (0, 1), [0], [1], (0, 1), [0], [1], (0, 1), [0], [1], [2], [3], (2, 3), [2], [3], (2, 3), [2], [3], (2, 3), [2], [3], (1, 2), [1], [2], (1, 2), [1], [2], (1, 2), [1], [2], [1], [4], [5], (4, 5), [4], [5], (4, 5), [4], [5], (4, 5), [4], [5], [6], [7], (6, 7), [6], [7], (6, 7), [6], [7], (6, 7), [6], [7], (5, 6), [5], [6], (5, 6), [5], [6], (5, 6), [5], [6], [5], (4, 5), [4], [5], (4, 5), [4], [5], (4, 5), [4], [5], [8], [9], (8, 9), [8], [9], (8, 9), [8], [9], (8, 9), [8], [9], (5, 6), [5], [6], (5, 6), [5], [6], (5, 6), [5], [6], [9], (7, 11), [7], [11], (7, 11), [7], [11], (7, 11), [7], [11], (8, 9), [8], [9], (8, 9), [8], [9], (8, 9), [8], [9], (10, 11), [10], [11], (10, 11), [10], [11], (10, 11), [10], [11], (9, 10), [9], [10], (9, 10), [9], [10], (9, 10), [9], [10], [10], (3, 7), [3], [7], (3, 7), [3], [7], (3, 7), [3], [7], (6, 7), [6], [7], (6, 7), [6], [7], (6, 7), [6], [7], [7], [0], (0, 1), [0], [1], (0, 1), [0], [1], (0, 1), [0], [1], [2], [2], (1, 2), [1], [2], (1, 2), [1], [2], (1, 2), [1], [2], [5], [6], [5], [6], (5, 6), [5], [6], (5, 6), [5], [6], (5, 6), [5], [6], (2, 6), [2], [6], (2, 6), [2], [6], (2, 6), [2], [6], [2], [9], [9], (5, 9), [5], [9], (5, 9), [5], [9], (5, 9), [5], [9], [5], [1], (1, 5), [1], [5], (1, 5), [1], [5], (1, 5), [1], [5], [6], [6], (5, 6), [5], [6], (5, 6), [5], [6], (5, 6), [5], [6], (5, 9), [5], [9], (5, 9), [5], [9], (5, 9), [5], [9], (5, 6), [5], [6], (5, 6), [5], [6], (5, 6), [5], [6], [6], [9], [9], (9, 5), [9], [5], (9, 5), [9], [5], (9, 5), [9], [5], [5], [9]]","['sg', 'sg', 'syc', 'sg', 'sg', 'syc', 'sg', 'sg', 'syc', 'sg', 'sg', 'sg', 'sg', 'syc', 'sg', 'sg', 'syc', 'sg', 'sg', 'syc', 'sg', 'sg', 'syc', 'sg', 'sg', 'syc', 'sg', 'sg', 'syc', 'sg', 'sg', 'm0', 'sg', 'sg', 'syc', 'sg', 'sg', 'syc', 'sg', 'sg', 'syc', 'sg', 'sg', 'sg', 'sg', 'syc', 'sg', 'sg', 'syc', 'sg', 'sg', 'syc', 'sg', 'sg', 'syc', 'sg', 'sg', 'syc', 'sg', 'sg', 'syc', 'sg', 'sg', 'm2', 'syc', 'sg', 'sg', 'syc', 'sg', 'sg', 'syc', 'sg', 'sg', 'sg', 'sg', 'syc', 'sg', 'sg', 'syc', 'sg', 'sg', 'syc', 'sg', 'sg', 'syc', 'sg', 'sg', 'syc', 'sg', 'sg', 'syc', 'sg', 'sg', 'm4', 'syc', 'sg', 'sg', 'syc', 'sg', 'sg', 'syc', 'sg', 'sg', 'syc', 'sg', 'sg', 'syc', 'sg', 'sg', 'syc', 'sg', 'sg', 'syc', 'sg', 'sg', 'syc', 'sg', 'sg', 'syc', 'sg', 'sg', 'syc', 'sg', 'sg', 'syc', 'sg', 'sg', 'syc', 'sg', 'sg', 'm3', 'syc', 'sg', 'sg', 'syc', 'sg', 'sg', 'syc', 'sg', 'sg', 'syc', 'sg', 'sg', 'syc', 'sg', 'sg', 'syc', 'sg', 'sg', 'm1', 'v0', 'syc', 'sg', 'sg', 'syc', 'sg', 'sg', 'syc', 'sg', 'sg', 'v1', 'sg', 'syc', 'sg', 'sg', 'syc', 'sg', 'sg', 'syc', 'sg', 'sg', 'v3', 'v2', 'sg', 'sg', 'syc', 'sg', 'sg', 'syc', 'sg', 'sg', 'syc', 'sg', 'sg', 'syc', 'sg', 'sg', 'syc', 'sg', 'sg', 'syc', 'sg', 'sg', 'm5', 'v4', 'sg', 'syc', 'sg', 'sg', 'syc', 'sg', 'sg', 'syc', 'sg', 'sg', 'm6', 'v5', 'syc', 'sg', 'sg', 'syc', 'sg', 'sg', 'syc', 'sg', 'sg', 'v6', 'sg', 'syc', 'sg', 'sg', 'syc', 'sg', 'sg', 'syc', 'sg', 'sg', 'syc', 'sg', 'sg', 'syc', 'sg', 'sg', 'syc', 'sg', 'sg', 'syc', 'sg', 'sg', 'syc', 'sg', 'sg', 'syc', 'sg', 'sg', 'm7', 'v7', 'sg', 'syc', 'sg', 'sg', 'syc', 'sg', 'sg', 'syc', 'sg', 'sg', 'm8', 'v8']"
0,sabre_decay,0.15523117667248498,0.27519724115641614,175,75,936,262.25,"[171, 356, 351, 9, 170, 348, 516, 171, 161, 710, 173, 11]","[193, 565, 553, 29, 190, 933, 758, 369, 181, 936, 351, 29, 0, 0, 0, 0]",0.9866399999999999,"[0.9800000000000001, 0.9805, 0.9755, 0.9800000000000001, 0.9850000000000001, 0.9800000000000001, 0.9805, 0.9755, 0.9800000000000001, 0.9850000000000001, 0.9800000000000001, 0.9805, 0.9755, 0.9800000000000001, 0.9850000000000001, 0.9855, 0.981, 0.9855, 0.9855, 0.981, 0.9855, 0.9855, 0.981, 0.9855, 0.986, 0.986, 0.986, 0.986, 0.986, 0.986, 0.991, 0.991, 0.991, 0.986, 0.986, 0.9855, 0.981, 0.9855, 0.9855, 0.981, 0.9855, 0.986, 0.986, 0.991, 0.991, 0.991, 0.991, 0.991, 0.991, 0.991, 0.991, 0.991, 0.991, 0.986, 0.986, 0.991, 0.991, 0.991, 0.991, 0.991, 0.991, 0.991, 0.991, 0.991, 0.991, 0.991, 0.991, 0.991, 0.991, 0.991, 0.991, 0.991, 0.991, 0.991, 0.991]","[[0], [1], (0, 1), [0], [1], (0, 1), [0], [1], (0, 1), [0], [1], [2], [3], (2, 3), [2], [3], (2, 3), [2], [3], (2, 3), [2], [3], (1, 2), [1], [2], (1, 2), [1], [2], (1, 2), [1], [2], [1], [4], [5], (4, 5), [4], [5], (4, 5), [4], [5], (4, 5), [4], [5], [6], [7], (6, 7), [6], [7], (6, 7), [6], [7], (6, 7), [6], [7], (5, 6), [5], [6], (5, 6), [5], [6], (5, 6), [5], [6], [5], (4, 5), [4], [5], (4, 5), [4], [5], (4, 5), [4], [5], [8], [9], (8, 9), [8], [9], (8, 9), [8], [9], (8, 9), [8], [9], (5, 6), [5], [6], (5, 6), [5], [6], (5, 6), [5], [6], [9], (7, 11), [7], [11], (7, 11), [7], [11], (7, 11), [7], [11], (8, 9), [8], [9], (8, 9), [8], [9], (8, 9), [8], [9], (10, 11), [10], [11], (10, 11), [10], [11], (10, 11), [10], [11], (9, 10), [9], [10], (9, 10), [9], [10], (9, 10), [9], [10], [10], (3, 7), [3], [7], (3, 7), [3], [7], (3, 7), [3], [7], (6, 7), [6], [7], (6, 7), [6], [7], (6, 7), [6], [7], [7], [0], (0, 1), [0], [1], (0, 1), [0], [1], (0, 1), [0], [1], [2], [2], (1, 2), [1], [2], (1, 2), [1], [2], (1, 2), [1], [2], [5], [6], [5], [6], (5, 6), [5], [6], (5, 6), [5], [6], (5, 6), [5], [6], (2, 6), [2], [6], (2, 6), [2], [6], (2, 6), [2], [6], [2], [9], [9], (5, 9), [5], [9], (5, 9), [5], [9], (5, 9), [5], [9], [5], [1], (1, 5), [1], [5], (1, 5), [1], [5], (1, 5), [1], [5], [6], [6], (5, 6), [5], [6], (5, 6), [5], [6], (5, 6), [5], [6], (5, 9), [5], [9], (5, 9), [5], [9], (5, 9), [5], [9], (5, 6), [5], [6], (5, 6), [5], [6], (5, 6), [5], [6], [6], [9], [9], (9, 5), [9], [5], (9, 5), [9], [5], (9, 5), [9], [5], [5], [9]]","['sg', 'sg', 'syc', 'sg', 'sg', 'syc', 'sg', 'sg', 'syc', 'sg', 'sg', 'sg', 'sg', 'syc', 'sg', 'sg', 'syc', 'sg', 'sg', 'syc', 'sg', 'sg', 'syc', 'sg', 'sg', 'syc', 'sg', 'sg', 'syc', 'sg', 'sg', 'm0', 'sg', 'sg', 'syc', 'sg', 'sg', 'syc', 'sg', 'sg', 'syc', 'sg', 'sg', 'sg', 'sg', 'syc', 'sg', 'sg', 'syc', 'sg', 'sg', 'syc', 'sg', 'sg', 'syc', 'sg', 'sg', 'syc', 'sg', 'sg', 'syc', 'sg', 'sg', 'm2', 'syc', 'sg', 'sg', 'syc', 'sg', 'sg', 'syc', 'sg', 'sg', 'sg', 'sg', 'syc', 'sg', 'sg', 'syc', 'sg', 'sg', 'syc', 'sg', 'sg', 'syc', 'sg', 'sg', 'syc', 'sg', 'sg', 'syc', 'sg', 'sg', 'm4', 'syc', 'sg', 'sg', 'syc', 'sg', 'sg', 'syc', 'sg', 'sg', 'syc', 'sg', 'sg', 'syc', 'sg', 'sg', 'syc', 'sg', 'sg', 'syc', 'sg', 'sg', 'syc', 'sg', 'sg', 'syc', 'sg', 'sg', 'syc', 'sg', 'sg', 'syc', 'sg', 'sg', 'syc', 'sg', 'sg', 'm3', 'syc', 'sg', 'sg', 'syc', 'sg', 'sg', 'syc', 'sg', 'sg', 'syc', 'sg', 'sg', 'syc', 'sg', 'sg', 'syc', 'sg', 'sg', 'm1', 'v0', 'syc', 'sg', 'sg', 'syc', 'sg', 'sg', 'syc', 'sg', 'sg', 'v1', 'sg', 'syc', 'sg', 'sg', 'syc', 'sg', 'sg', 'syc', 'sg', 'sg', 'v3', 'v2', 'sg', 'sg', 'syc', 'sg', 'sg', 'syc', 'sg', 'sg', 'syc', 'sg', 'sg', 'syc', 'sg', 'sg', 'syc', 'sg', 'sg', 'syc', 'sg', 'sg', 'm5', 'v4', 'sg', 'syc', 'sg', 'sg', 'syc', 'sg', 'sg', 'syc', 'sg', 'sg', 'm6', 'v5', 'syc', 'sg', 'sg', 'syc', 'sg', 'sg', 'syc', 'sg', 'sg', 'v6', 'sg', 'syc', 'sg', 'sg', 'syc', 'sg', 'sg', 'syc', 'sg', 'sg', 'syc', 'sg', 'sg', 'syc', 'sg', 'sg', 'syc', 'sg', 'sg', 'syc', 'sg', 'sg', 'syc', 'sg', 'sg', 'syc', 'sg', 'sg', 'm7', 'v7', 'sg', 'syc', 'sg', 'sg', 'syc', 'sg', 'sg', 'syc', 'sg', 'sg', 'm8', 'v8']"
1,sabre_basic,0.10268451833586159,0.21970328275917547,209,93,1137,526.7,"[1069, 544, 727, 547, 520, 423, 555, 543, 161, 178]","[1137, 1134, 816, 589, 551, 959, 807, 759, 181, 378, 0, 0, 0, 0, 0, 0]",0.9879462365591397,"[0.9800000000000001, 0.9800000000000001, 0.9755, 0.9755, 0.9800000000000001, 0.9800000000000001, 0.9800000000000001, 0.9755, 0.9755, 0.9800000000000001, 0.9800000000000001, 0.9800000000000001, 0.9755, 0.9755, 0.9800000000000001, 0.986, 0.986, 0.986, 0.986, 0.986, 0.986, 0.991, 0.991, 0.991, 0.991, 0.991, 0.991, 0.991, 0.991, 0.991, 0.991, 0.9905, 0.9905, 0.9905, 0.9905, 0.991, 0.991, 0.991, 0.991, 0.991, 0.991, 0.991, 0.986, 0.986, 0.986, 0.986, 0.986, 0.986, 0.991, 0.991, 0.991, 0.991, 0.991, 0.991, 0.991, 0.991, 0.991, 0.991, 0.991, 0.991, 0.991, 0.991, 0.991, 0.986, 0.986, 0.986, 0.986, 0.986, 0.986, 0.991, 0.991, 0.991, 0.991, 0.991, 0.991, 0.991, 0.991, 0.991, 0.991, 0.991, 0.991, 0.991, 0.991, 0.991, 0.991, 0.991, 0.991, 0.991, 0.991, 0.991, 0.991, 0.991, 0.991]","[[0], [1], (0, 1), [0], [1], (0, 1), [0], [1], (0, 1), [0], [1], [2], [3], (2, 3), [2], [3], (2, 3), [2], [3], (2, 3), [2], [3], (1, 2), [1], [2], (1, 2), [1], [2], (1, 2), [1], [2], [1], [4], [5], (4, 5), [4], [5], (4, 5), [4], [5], (4, 5), [4], [5], [6], [7], (6, 7), [6], [7], (6, 7), [6], [7], (6, 7), [6], [7], (5, 6), [5], [6], (5, 6), [5], [6], (5, 6), [5], [6], [5], (6, 7), [6], [7], (6, 7), [6], [7], (6, 7), [6], [7], [8], [9], (8, 9), [8], [9], (8, 9), [8], [9], (8, 9), [8], [9], (3, 7), [3], [7], (3, 7), [3], [7], (3, 7), [3], [7], [9], (8, 9), [8], [9], (8, 9), [8], [9], (8, 9), [8], [9], (6, 9), [6], [9], (6, 9), [6], [9], (6, 9), [6], [9], [6], (6, 7), [6], [7], (6, 7), [6], [7], (6, 7), [6], [7], (5, 6), [5], [6], (5, 6), [5], [6], (5, 6), [5], [6], (4, 5), [4], [5], (4, 5), [4], [5], (4, 5), [4], [5], [5], [0], (0, 1), [0], [1], (0, 1), [0], [1], (0, 1), [0], [1], [2], [2], (1, 2), [1], [2], (1, 2), [1], [2], (1, 2), [1], [2], [3], [4], (0, 4), [0], [4], (0, 4), [0], [4], (0, 4), [0], [4], (0, 1), [0], [1], (0, 1), [0], [1], (0, 1), [0], [1], (1, 2), [1], [2], (1, 2), [1], [2], (1, 2), [1], [2], [3], (2, 3), [2], [3], (2, 3), [2], [3], (2, 3), [2], [3], (1, 2), [1], [2], (1, 2), [1], [2], (1, 2), [1], [2], [1], (3, 7), [3], [7], (3, 7), [3], [7], (3, 7), [3], [7], [9], (6, 9), [6], [9], (6, 9), [6], [9], (6, 9), [6], [9], (6, 7), [6], [7], (6, 7), [6], [7], (6, 7), [6], [7], [7], [0], [2], (1, 2), [1], [2], (1, 2), [1], [2], (1, 2), [1], [2], [0], (0, 1), [0], [1], (0, 1), [0], [1], (0, 1), [0], [1], (1, 5), [1], [5], (1, 5), [1], [5], (1, 5), [1], [5], (5, 6), [5], [6], (5, 6), [5], [6], (5, 6), [5], [6], [5], [0], (2, 6), [2], [6], (2, 6), [2], [6], (2, 6), [2], [6], (1, 2), [1], [2], (1, 2), [1], [2], (1, 2), [1], [2], [0], (0, 1), [0], [1], (0, 1), [0], [1], (0, 1), [0], [1], [1], [0]]","['sg', 'sg', 'syc', 'sg', 'sg', 'syc', 'sg', 'sg', 'syc', 'sg', 'sg', 'sg', 'sg', 'syc', 'sg', 'sg', 'syc', 'sg', 'sg', 'syc', 'sg', 'sg', 'syc', 'sg', 'sg', 'syc', 'sg', 'sg', 'syc', 'sg', 'sg', 'm0', 'sg', 'sg', 'syc', 'sg', 'sg', 'syc', 'sg', 'sg', 'syc', 'sg', 'sg', 'sg', 'sg', 'syc', 'sg', 'sg', 'syc', 'sg', 'sg', 'syc', 'sg', 'sg', 'syc', 'sg', 'sg', 'syc', 'sg', 'sg', 'syc', 'sg', 'sg', 'm2', 'syc', 'sg', 'sg', 'syc', 'sg', 'sg', 'syc', 'sg', 'sg', 'sg', 'sg', 'syc', 'sg', 'sg', 'syc', 'sg', 'sg', 'syc', 'sg', 'sg', 'syc', 'sg', 'sg', 'syc', 'sg', 'sg', 'syc', 'sg', 'sg', 'm4', 'syc', 'sg', 'sg', 'syc', 'sg', 'sg', 'syc', 'sg', 'sg', 'syc', 'sg', 'sg', 'syc', 'sg', 'sg', 'syc', 'sg', 'sg', 'm3', 'syc', 'sg', 'sg', 'syc', 'sg', 'sg', 'syc', 'sg', 'sg', 'syc', 'sg', 'sg', 'syc', 'sg', 'sg', 'syc', 'sg', 'sg', 'syc', 'sg', 'sg', 'syc', 'sg', 'sg', 'syc', 'sg', 'sg', 'm1', 'v0', 'syc', 'sg', 'sg', 'syc', 'sg', 'sg', 'syc', 'sg', 'sg', 'v1', 'sg', 'syc', 'sg', 'sg', 'syc', 'sg', 'sg', 'syc', 'sg', 'sg', 'v3', 'v2', 'syc', 'sg', 'sg', 'syc', 'sg', 'sg', 'syc', 'sg', 'sg', 'syc', 'sg', 'sg', 'syc', 'sg', 'sg', 'syc', 'sg', 'sg', 'syc', 'sg', 'sg', 'syc', 'sg', 'sg', 'syc', 'sg', 'sg', 'sg', 'syc', 'sg', 'sg', 'syc', 'sg', 'sg', 'syc', 'sg', 'sg', 'syc', 'sg', 'sg', 'syc', 'sg', 'sg', 'syc', 'sg', 'sg', 'm5', 'syc', 'sg', 'sg', 'syc', 'sg', 'sg', 'syc', 'sg', 'sg', 'v4', 'syc', 'sg', 'sg', 'syc', 'sg', 'sg', 'syc', 'sg', 'sg', 'syc', 'sg', 'sg', 'syc', 'sg', 'sg', 'syc', 'sg', 'sg', 'm6', 'v5', 'v6', 'syc', 'sg', 'sg', 'syc', 'sg', 'sg', 'syc', 'sg', 'sg', 'sg', 'syc', 'sg', 'sg', 'syc', 'sg', 'sg', 'syc', 'sg', 'sg', 'syc', 'sg', 'sg', 'syc', 'sg', 'sg', 'syc', 'sg', 'sg', 'syc', 'sg', 'sg', 'syc', 'sg', 'sg', 'syc', 'sg', 'sg', 'm7', 'v7', 'syc', 'sg', 'sg', 'syc', 'sg', 'sg', 'syc', 'sg', 'sg', 'syc', 'sg', 'sg', 'syc', 'sg', 'sg', 'syc', 'sg', 'sg', 'sg', 'syc', 'sg', 'sg', 'syc', 'sg', 'sg', 'syc', 'sg', 'sg', 'm8', 'v8']"
1,sabre_lookahead,0.15936560634661545,0.27270498882355176,169,72,1101,414.8,"[171, 875, 524, 349, 170, 709, 656, 181, 161, 352]","[193, 1101, 753, 369, 190, 1098, 923, 539, 181, 723, 0, 0, 0, 0, 0, 0]",0.9863472222222222,"[0.9800000000000001, 0.9800000000000001, 0.9755, 0.9755, 0.9800000000000001, 0.9800000000000001, 0.9800000000000001, 0.9755, 0.9755, 0.9800000000000001, 0.9800000000000001, 0.9800000000000001, 0.9755, 0.9755, 0.9800000000000001, 0.986, 0.986, 0.986, 0.986, 0.986, 0.986, 0.991, 0.991, 0.991, 0.986, 0.986, 0.9855, 0.981, 0.9855, 0.9855, 0.981, 0.9855, 0.9905, 0.9905, 0.991, 0.991, 0.991, 0.991, 0.991, 0.991, 0.991, 0.991, 0.991, 0.991, 0.991, 0.986, 0.986, 0.986, 0.986, 0.986, 0.986, 0.986, 0.986, 0.986, 0.986, 0.986, 0.986, 0.991, 0.991, 0.991, 0.991, 0.991, 0.991, 0.991, 0.991, 0.991, 0.991, 0.991, 0.991, 0.991, 0.991, 0.991]","[[0], [1], (0, 1), [0], [1], (0, 1), [0], [1], (0, 1), [0], [1], [2], [3], (2, 3), [2], [3], (2, 3), [2], [3], (2, 3), [2], [3], (1, 2), [1], [2], (1, 2), [1], [2], (1, 2), [1], [2], [1], [4], [5], (4, 5), [4], [5], (4, 5), [4], [5], (4, 5), [4], [5], [6], [7], (6, 7), [6], [7], (6, 7), [6], [7], (6, 7), [6], [7], (5, 6), [5], [6], (5, 6), [5], [6], (5, 6), [5], [6], [5], (4, 5), [4], [5], (4, 5), [4], [5], (4, 5), [4], [5], [8], [9], (8, 9), [8], [9], (8, 9), [8], [9], (8, 9), [8], [9], [9], (8, 9), [8], [9], (8, 9), [8], [9], (8, 9), [8], [9], (6, 9), [6], [9], (6, 9), [6], [9], (6, 9), [6], [9], (6, 7), [6], [7], (6, 7), [6], [7], (6, 7), [6], [7], (5, 6), [5], [6], (5, 6), [5], [6], (5, 6), [5], [6], [7], (3, 7), [3], [7], (3, 7), [3], [7], (3, 7), [3], [7], (6, 7), [6], [7], (6, 7), [6], [7], (6, 7), [6], [7], [7], [0], (0, 1), [0], [1], (0, 1), [0], [1], (0, 1), [0], [1], [2], [2], (1, 2), [1], [2], (1, 2), [1], [2], (1, 2), [1], [2], [5], [6], [9], [6], [9], (6, 9), [6], [9], (6, 9), [6], [9], (6, 9), [6], [9], (2, 6), [2], [6], (2, 6), [2], [6], (2, 6), [2], [6], [2], [5], (9, 5), [9], [5], (9, 5), [9], [5], (9, 5), [9], [5], [9], [1], [6], (2, 6), [2], [6], (2, 6), [2], [6], (2, 6), [2], [6], [1], (1, 2), [1], [2], (1, 2), [1], [2], (1, 2), [1], [2], (2, 6), [2], [6], (2, 6), [2], [6], (2, 6), [2], [6], (5, 6), [5], [6], (5, 6), [5], [6], (5, 6), [5], [6], [6], [1], [1], (1, 5), [1], [5], (1, 5), [1], [5], (1, 5), [1], [5], [5], [1]]","['sg', 'sg', 'syc', 'sg', 'sg', 'syc', 'sg', 'sg', 'syc', 'sg', 'sg', 'sg', 'sg', 'syc', 'sg', 'sg', 'syc', 'sg', 'sg', 'syc', 'sg', 'sg', 'syc', 'sg', 'sg', 'syc', 'sg', 'sg', 'syc', 'sg', 'sg', 'm0', 'sg', 'sg', 'syc', 'sg', 'sg', 'syc', 'sg', 'sg', 'syc', 'sg', 'sg', 'sg', 'sg', 'syc', 'sg', 'sg', 'syc', 'sg', 'sg', 'syc', 'sg', 'sg', 'syc', 'sg', 'sg', 'syc', 'sg', 'sg', 'syc', 'sg', 'sg', 'm2', 'syc', 'sg', 'sg', 'syc', 'sg', 'sg', 'syc', 'sg', 'sg', 'sg', 'sg', 'syc', 'sg', 'sg', 'syc', 'sg', 'sg', 'syc', 'sg', 'sg', 'm4', 'syc', 'sg', 'sg', 'syc', 'sg', 'sg', 'syc', 'sg', 'sg', 'syc', 'sg', 'sg', 'syc', 'sg', 'sg', 'syc', 'sg', 'sg', 'syc', 'sg', 'sg', 'syc', 'sg', 'sg', 'syc', 'sg', 'sg', 'syc', 'sg', 'sg', 'syc', 'sg', 'sg', 'syc', 'sg', 'sg', 'm3', 'syc', 'sg', 'sg', 'syc', 'sg', 'sg', 'syc', 'sg', 'sg', 'syc', 'sg', 'sg', 'syc', 'sg', 'sg', 'syc', 'sg', 'sg', 'm1', 'v0', 'syc', 'sg', 'sg', 'syc', 'sg', 'sg', 'syc', 'sg', 'sg', 'v1', 'sg', 'syc', 'sg', 'sg', 'syc', 'sg', 'sg', 'syc', 'sg', 'sg', 'v4', 'v2', 'v3', 'sg', 'sg', 'syc', 'sg', 'sg', 'syc', 'sg', 'sg', 'syc', 'sg', 'sg', 'syc', 'sg', 'sg', 'syc', 'sg', 'sg', 'syc', 'sg', 'sg', 'm5', 'sg', 'syc', 'sg', 'sg', 'syc', 'sg', 'sg', 'syc', 'sg', 'sg', 'm6', 'v5', 'v6', 'syc', 'sg', 'sg', 'syc', 'sg', 'sg', 'syc', 'sg', 'sg', 'sg', 'syc', 'sg', 'sg', 'syc', 'sg', 'sg', 'syc', 'sg', 'sg', 'syc', 'sg', 'sg', 'syc', 'sg', 'sg', 'syc', 'sg', 'sg', 'syc', 'sg', 'sg', 'syc', 'sg', 'sg', 'syc', 'sg', 'sg', 'm7', 'v7', 'sg', 'syc', 'sg', 'sg', 'syc', 'sg', 'sg', 'syc', 'sg', 'sg', 'm8', 'v8']"
1,sabre_decay,0.15936560634661545,0.27270498882355176,169,72,1101,414.8,"[171, 875, 524, 349, 170, 709, 656, 181, 161, 352]","[193, 1101, 753, 369, 190, 1098, 923, 539, 181, 723, 0, 0, 0, 0, 0, 0]",0.9863472222222222,"[0.9800000000000001, 0.9800000000000001, 0.9755, 0.9755, 0.9800000000000001, 0.9800000000000001, 0.9800000000000001, 0.9755, 0.9755, 0.9800000000000001, 0.9800000000000001, 0.9800000000000001, 0.9755, 0.9755, 0.9800000000000001, 0.986, 0.986, 0.986, 0.986, 0.986, 0.986, 0.991, 0.991, 0.991, 0.986, 0.986, 0.9855, 0.981, 0.9855, 0.9855, 0.981, 0.9855, 0.9905, 0.9905, 0.991, 0.991, 0.991, 0.991, 0.991, 0.991, 0.991, 0.991, 0.991, 0.991, 0.991, 0.986, 0.986, 0.986, 0.986, 0.986, 0.986, 0.986, 0.986, 0.986, 0.986, 0.986, 0.986, 0.991, 0.991, 0.991, 0.991, 0.991, 0.991, 0.991, 0.991, 0.991, 0.991, 0.991, 0.991, 0.991, 0.991, 0.991]","[[0], [1], (0, 1), [0], [1], (0, 1), [0], [1], (0, 1), [0], [1], [2], [3], (2, 3), [2], [3], (2, 3), [2], [3], (2, 3), [2], [3], (1, 2), [1], [2], (1, 2), [1], [2], (1, 2), [1], [2], [1], [4], [5], (4, 5), [4], [5], (4, 5), [4], [5], (4, 5), [4], [5], [6], [7], (6, 7), [6], [7], (6, 7), [6], [7], (6, 7), [6], [7], (5, 6), [5], [6], (5, 6), [5], [6], (5, 6), [5], [6], [5], (4, 5), [4], [5], (4, 5), [4], [5], (4, 5), [4], [5], [8], [9], (8, 9), [8], [9], (8, 9), [8], [9], (8, 9), [8], [9], [9], (8, 9), [8], [9], (8, 9), [8], [9], (8, 9), [8], [9], (6, 9), [6], [9], (6, 9), [6], [9], (6, 9), [6], [9], (6, 7), [6], [7], (6, 7), [6], [7], (6, 7), [6], [7], (5, 6), [5], [6], (5, 6), [5], [6], (5, 6), [5], [6], [7], (3, 7), [3], [7], (3, 7), [3], [7], (3, 7), [3], [7], (6, 7), [6], [7], (6, 7), [6], [7], (6, 7), [6], [7], [7], [0], (0, 1), [0], [1], (0, 1), [0], [1], (0, 1), [0], [1], [2], [2], (1, 2), [1], [2], (1, 2), [1], [2], (1, 2), [1], [2], [5], [6], [9], [6], [9], (6, 9), [6], [9], (6, 9), [6], [9], (6, 9), [6], [9], (2, 6), [2], [6], (2, 6), [2], [6], (2, 6), [2], [6], [2], [5], (9, 5), [9], [5], (9, 5), [9], [5], (9, 5), [9], [5], [9], [1], [6], (2, 6), [2], [6], (2, 6), [2], [6], (2, 6), [2], [6], [1], (1, 2), [1], [2], (1, 2), [1], [2], (1, 2), [1], [2], (2, 6), [2], [6], (2, 6), [2], [6], (2, 6), [2], [6], (5, 6), [5], [6], (5, 6), [5], [6], (5, 6), [5], [6], [6], [1], [1], (1, 5), [1], [5], (1, 5), [1], [5], (1, 5), [1], [5], [5], [1]]","['sg', 'sg', 'syc', 'sg', 'sg', 'syc', 'sg', 'sg', 'syc', 'sg', 'sg', 'sg', 'sg', 'syc', 'sg', 'sg', 'syc', 'sg', 'sg', 'syc', 'sg', 'sg', 'syc', 'sg', 'sg', 'syc', 'sg', 'sg', 'syc', 'sg', 'sg', 'm0', 'sg', 'sg', 'syc', 'sg', 'sg', 'syc', 'sg', 'sg', 'syc', 'sg', 'sg', 'sg', 'sg', 'syc', 'sg', 'sg', 'syc', 'sg', 'sg', 'syc', 'sg', 'sg', 'syc', 'sg', 'sg', 'syc', 'sg', 'sg', 'syc', 'sg', 'sg', 'm2', 'syc', 'sg', 'sg', 'syc', 'sg', 'sg', 'syc', 'sg', 'sg', 'sg', 'sg', 'syc', 'sg', 'sg', 'syc', 'sg', 'sg', 'syc', 'sg', 'sg', 'm4', 'syc', 'sg', 'sg', 'syc', 'sg', 'sg', 'syc', 'sg', 'sg', 'syc', 'sg', 'sg', 'syc', 'sg', 'sg', 'syc', 'sg', 'sg', 'syc', 'sg', 'sg', 'syc', 'sg', 'sg', 'syc', 'sg', 'sg', 'syc', 'sg', 'sg', 'syc', 'sg', 'sg', 'syc', 'sg', 'sg', 'm3', 'syc', 'sg', 'sg', 'syc', 'sg', 'sg', 'syc', 'sg', 'sg', 'syc', 'sg', 'sg', 'syc', 'sg', 'sg', 'syc', 'sg', 'sg', 'm1', 'v0', 'syc', 'sg', 'sg', 'syc', 'sg', 'sg', 'syc', 'sg', 'sg', 'v1', 'sg', 'syc', 'sg', 'sg', 'syc', 'sg', 'sg', 'syc', 'sg', 'sg', 'v4', 'v2', 'v3', 'sg', 'sg', 'syc', 'sg', 'sg', 'syc', 'sg', 'sg', 'syc', 'sg', 'sg', 'syc', 'sg', 'sg', 'syc', 'sg', 'sg', 'syc', 'sg', 'sg', 'm5', 'sg', 'syc', 'sg', 'sg', 'syc', 'sg', 'sg', 'syc', 'sg', 'sg', 'm6', 'v5', 'v6', 'syc', 'sg', 'sg', 'syc', 'sg', 'sg', 'syc', 'sg', 'sg', 'sg', 'syc', 'sg', 'sg', 'syc', 'sg', 'sg', 'syc', 'sg', 'sg', 'syc', 'sg', 'sg', 'syc', 'sg', 'sg', 'syc', 'sg', 'sg', 'syc', 'sg', 'sg', 'syc', 'sg', 'sg', 'syc', 'sg', 'sg', 'm7', 'v7', 'sg', 'syc', 'sg', 'sg', 'syc', 'sg', 'sg', 'syc', 'sg', 'sg', 'm8', 'v8']"
2,sabre_basic,0.14017962310153304,0.2721383295238729,180,78,1130,467.4,"[171, 381, 1069, 349, 538, 373, 528, 728, 161, 376]","[193, 748, 1130, 369, 569, 769, 1127, 957, 181, 587, 0, 0, 0, 0, 0, 0]",0.9877307692307691,"[0.9800000000000001, 0.9800000000000001, 0.9755, 0.9755, 0.9800000000000001, 0.9800000000000001, 0.9800000000000001, 0.9755, 0.9755, 0.9800000000000001, 0.9800000000000001, 0.9800000000000001, 0.9755, 0.9755, 0.9800000000000001, 0.986, 0.986, 0.986, 0.986, 0.986, 0.986, 0.991, 0.991, 0.991, 0.991, 0.9905, 0.9905, 0.9905, 0.9905, 0.9905, 0.9905, 0.991, 0.991, 0.991, 0.991, 0.991, 0.991, 0.991, 0.991, 0.991, 0.991, 0.991, 0.991, 0.991, 0.991, 0.991, 0.991, 0.991, 0.991, 0.991, 0.991, 0.991, 0.991, 0.991, 0.986, 0.986, 0.986, 0.986, 0.986, 0.986, 0.991, 0.991, 0.991, 0.991, 0.991, 0.991, 0.991, 0.991, 0.991, 0.991, 0.991, 0.991, 0.991, 0.991, 0.991, 0.991, 0.991, 0.991]","[[0], [1], (0, 1), [0], [1], (0, 1), [0], [1], (0, 1), [0], [1], [2], [3], (2, 3), [2], [3], (2, 3), [2], [3], (2, 3), [2], [3], (1, 2), [1], [2], (1, 2), [1], [2], (1, 2), [1], [2], [1], [4], [5], (4, 5), [4], [5], (4, 5), [4], [5], (4, 5), [4], [5], [6], [7], (6, 7), [6], [7], (6, 7), [6], [7], (6, 7), [6], [7], (5, 6), [5], [6], (5, 6), [5], [6], (5, 6), [5], [6], [5], [8], [9], (8, 9), [8], [9], (8, 9), [8], [9], (8, 9), [8], [9], [9], (8, 9), [8], [9], (8, 9), [8], [9], (8, 9), [8], [9], (6, 9), [6], [9], (6, 9), [6], [9], (6, 9), [6], [9], (6, 7), [6], [7], (6, 7), [6], [7], (6, 7), [6], [7], [7], (3, 7), [3], [7], (3, 7), [3], [7], (3, 7), [3], [7], (6, 7), [6], [7], (6, 7), [6], [7], (6, 7), [6], [7], (5, 6), [5], [6], (5, 6), [5], [6], (5, 6), [5], [6], (4, 5), [4], [5], (4, 5), [4], [5], (4, 5), [4], [5], [5], [0], (0, 1), [0], [1], (0, 1), [0], [1], (0, 1), [0], [1], [2], [2], (1, 2), [1], [2], (1, 2), [1], [2], (1, 2), [1], [2], [4], (5, 4), [5], [4], (5, 4), [5], [4], (5, 4), [5], [4], [7], [9], [9], (5, 9), [5], [9], (5, 9), [5], [9], (5, 9), [5], [9], (1, 5), [1], [5], (1, 5), [1], [5], (1, 5), [1], [5], [1], (6, 9), [6], [9], (6, 9), [6], [9], (6, 9), [6], [9], [7], (6, 7), [6], [7], (6, 7), [6], [7], (6, 7), [6], [7], [6], [2], [5], (5, 6), [5], [6], (5, 6), [5], [6], (5, 6), [5], [6], [2], (2, 6), [2], [6], (2, 6), [2], [6], (2, 6), [2], [6], (6, 7), [6], [7], (6, 7), [6], [7], (6, 7), [6], [7], [6], [2], (6, 7), [6], [7], (6, 7), [6], [7], (6, 7), [6], [7], [2], (2, 6), [2], [6], (2, 6), [2], [6], (2, 6), [2], [6], [6], [2]]","['sg', 'sg', 'syc', 'sg', 'sg', 'syc', 'sg', 'sg', 'syc', 'sg', 'sg', 'sg', 'sg', 'syc', 'sg', 'sg', 'syc', 'sg', 'sg', 'syc', 'sg', 'sg', 'syc', 'sg', 'sg', 'syc', 'sg', 'sg', 'syc', 'sg', 'sg', 'm0', 'sg', 'sg', 'syc', 'sg', 'sg', 'syc', 'sg', 'sg', 'syc', 'sg', 'sg', 'sg', 'sg', 'syc', 'sg', 'sg', 'syc', 'sg', 'sg', 'syc', 'sg', 'sg', 'syc', 'sg', 'sg', 'syc', 'sg', 'sg', 'syc', 'sg', 'sg', 'm2', 'sg', 'sg', 'syc', 'sg', 'sg', 'syc', 'sg', 'sg', 'syc', 'sg', 'sg', 'm4', 'syc', 'sg', 'sg', 'syc', 'sg', 'sg', 'syc', 'sg', 'sg', 'syc', 'sg', 'sg', 'syc', 'sg', 'sg', 'syc', 'sg', 'sg', 'syc', 'sg', 'sg', 'syc', 'sg', 'sg', 'syc', 'sg', 'sg', 'm3', 'syc', 'sg', 'sg', 'syc', 'sg', 'sg', 'syc', 'sg', 'sg', 'syc', 'sg', 'sg', 'syc', 'sg', 'sg', 'syc', 'sg', 'sg', 'syc', 'sg', 'sg', 'syc', 'sg', 'sg', 'syc', 'sg', 'sg', 'syc', 'sg', 'sg', 'syc', 'sg', 'sg', 'syc', 'sg', 'sg', 'm1', 'v0', 'syc', 'sg', 'sg', 'syc', 'sg', 'sg', 'syc', 'sg', 'sg', 'v1', 'sg', 'syc', 'sg', 'sg', 'syc', 'sg', 'sg', 'syc', 'sg', 'sg', 'v2', 'syc', 'sg', 'sg', 'syc', 'sg', 'sg', 'syc', 'sg', 'sg', 'v4', 'v3', 'sg', 'syc', 'sg', 'sg', 'syc', 'sg', 'sg', 'syc', 'sg', 'sg', 'syc', 'sg', 'sg', 'syc', 'sg', 'sg', 'syc', 'sg', 'sg', 'm5', 'syc', 'sg', 'sg', 'syc', 'sg', 'sg', 'syc', 'sg', 'sg', 'sg', 'syc', 'sg', 'sg', 'syc', 'sg', 'sg', 'syc', 'sg', 'sg', 'm6', 'v5', 'v6', 'syc', 'sg', 'sg', 'syc', 'sg', 'sg', 'syc', 'sg', 'sg', 'sg', 'syc', 'sg', 'sg', 'syc', 'sg', 'sg', 'syc', 'sg', 'sg', 'syc', 'sg', 'sg', 'syc', 'sg', 'sg', 'syc', 'sg', 'sg', 'm7', 'v7', 'syc', 'sg', 'sg', 'syc', 'sg', 'sg', 'syc', 'sg', 'sg', 'sg', 'syc', 'sg', 'sg', 'syc', 'sg', 'sg', 'syc', 'sg', 'sg', 'm8', 'v8']"
2,sabre_lookahead,0.1752335765195013,0.2941801589170721,163,69,927,284.27272727272725,"[171, 356, 351, 9, 170, 514, 507, 171, 161, 544, 173]","[193, 565, 553, 29, 190, 927, 749, 369, 181, 924, 351, 0, 0, 0, 0, 0]",0.9862608695652173,"[0.9800000000000001, 0.9800000000000001, 0.9755, 0.9755, 0.9800000000000001, 0.9800000000000001, 0.9800000000000001, 0.9755, 0.9755, 0.9800000000000001, 0.9800000000000001, 0.9800000000000001, 0.9755, 0.9755, 0.9800000000000001, 0.9855, 0.981, 0.9855, 0.9855, 0.981, 0.9855, 0.9855, 0.981, 0.9855, 0.991, 0.991, 0.991, 0.991, 0.991, 0.991, 0.986, 0.986, 0.9855, 0.981, 0.9855, 0.9855, 0.981, 0.9855, 0.986, 0.986, 0.991, 0.991, 0.991, 0.991, 0.991, 0.991, 0.991, 0.991, 0.991, 0.991, 0.986, 0.986, 0.991, 0.991, 0.991, 0.991, 0.991, 0.991, 0.991, 0.991, 0.991, 0.991, 0.991, 0.991, 0.991, 0.991, 0.991, 0.991, 0.991]","[[0], [1], (0, 1), [0], [1], (0, 1), [0], [1], (0, 1), [0], [1], [2], [3], (2, 3), [2], [3], (2, 3), [2], [3], (2, 3), [2], [3], (1, 2), [1], [2], (1, 2), [1], [2], (1, 2), [1], [2], [1], [4], [5], (4, 5), [4], [5], (4, 5), [4], [5], (4, 5), [4], [5], [6], [7], (6, 7), [6], [7], (6, 7), [6], [7], (6, 7), [6], [7], (5, 6), [5], [6], (5, 6), [5], [6], (5, 6), [5], [6], [5], (4, 5), [4], [5], (4, 5), [4], [5], (4, 5), [4], [5], [8], [9], (8, 9), [8], [9], (8, 9), [8], [9], (8, 9), [8], [9], (5, 6), [5], [6], (5, 6), [5], [6], (5, 6), [5], [6], [9], (8, 9), [8], [9], (8, 9), [8], [9], (8, 9), [8], [9], (7, 10), [7], [10], (7, 10), [7], [10], (7, 10), [7], [10], (9, 10), [9], [10], (9, 10), [9], [10], (9, 10), [9], [10], [10], (3, 7), [3], [7], (3, 7), [3], [7], (3, 7), [3], [7], (6, 7), [6], [7], (6, 7), [6], [7], (6, 7), [6], [7], [7], [0], (0, 1), [0], [1], (0, 1), [0], [1], (0, 1), [0], [1], [2], [2], (1, 2), [1], [2], (1, 2), [1], [2], (1, 2), [1], [2], [5], [6], [5], [6], (5, 6), [5], [6], (5, 6), [5], [6], (5, 6), [5], [6], (2, 6), [2], [6], (2, 6), [2], [6], (2, 6), [2], [6], [2], [9], [9], (5, 9), [5], [9], (5, 9), [5], [9], (5, 9), [5], [9], [5], [1], (1, 5), [1], [5], (1, 5), [1], [5], (1, 5), [1], [5], [6], [6], (5, 6), [5], [6], (5, 6), [5], [6], (5, 6), [5], [6], (6, 9), [6], [9], (6, 9), [6], [9], (6, 9), [6], [9], [6], [5], [5], (5, 9), [5], [9], (5, 9), [5], [9], (5, 9), [5], [9], [9], [5]]","['sg', 'sg', 'syc', 'sg', 'sg', 'syc', 'sg', 'sg', 'syc', 'sg', 'sg', 'sg', 'sg', 'syc', 'sg', 'sg', 'syc', 'sg', 'sg', 'syc', 'sg', 'sg', 'syc', 'sg', 'sg', 'syc', 'sg', 'sg', 'syc', 'sg', 'sg', 'm0', 'sg', 'sg', 'syc', 'sg', 'sg', 'syc', 'sg', 'sg', 'syc', 'sg', 'sg', 'sg', 'sg', 'syc', 'sg', 'sg', 'syc', 'sg', 'sg', 'syc', 'sg', 'sg', 'syc', 'sg', 'sg', 'syc', 'sg', 'sg', 'syc', 'sg', 'sg', 'm2', 'syc', 'sg', 'sg', 'syc', 'sg', 'sg', 'syc', 'sg', 'sg', 'sg', 'sg', 'syc', 'sg', 'sg', 'syc', 'sg', 'sg', 'syc', 'sg', 'sg', 'syc', 'sg', 'sg', 'syc', 'sg', 'sg', 'syc', 'sg', 'sg', 'm4', 'syc', 'sg', 'sg', 'syc', 'sg', 'sg', 'syc', 'sg', 'sg', 'syc', 'sg', 'sg', 'syc', 'sg', 'sg', 'syc', 'sg', 'sg', 'syc', 'sg', 'sg', 'syc', 'sg', 'sg', 'syc', 'sg', 'sg', 'm3', 'syc', 'sg', 'sg', 'syc', 'sg', 'sg', 'syc', 'sg', 'sg', 'syc', 'sg', 'sg', 'syc', 'sg', 'sg', 'syc', 'sg', 'sg', 'm1', 'v0', 'syc', 'sg', 'sg', 'syc', 'sg', 'sg', 'syc', 'sg', 'sg', 'v1', 'sg', 'syc', 'sg', 'sg', 'syc', 'sg', 'sg', 'syc', 'sg', 'sg', 'v3', 'v2', 'sg', 'sg', 'syc', 'sg', 'sg', 'syc', 'sg', 'sg', 'syc', 'sg', 'sg', 'syc', 'sg', 'sg', 'syc', 'sg', 'sg', 'syc', 'sg', 'sg', 'm5', 'v4', 'sg', 'syc', 'sg', 'sg', 'syc', 'sg', 'sg', 'syc', 'sg', 'sg', 'm6', 'v5', 'syc', 'sg', 'sg', 'syc', 'sg', 'sg', 'syc', 'sg', 'sg', 'v6', 'sg', 'syc', 'sg', 'sg', 'syc', 'sg', 'sg', 'syc', 'sg', 'sg', 'syc', 'sg', 'sg', 'syc', 'sg', 'sg', 'syc', 'sg', 'sg', 'm7', 'v7', 'sg', 'syc', 'sg', 'sg', 'syc', 'sg', 'sg', 'syc', 'sg', 'sg', 'm8', 'v8']"
2,sabre_decay,0.1752335765195013,0.2941801589170721,163,69,927,284.27272727272725,"[171, 356, 351, 9, 170, 514, 507, 171, 161, 544, 173]","[193, 565, 553, 29, 190, 927, 749, 369, 181, 924, 351, 0, 0, 0, 0, 0]",0.9862608695652173,"[0.9800000000000001, 0.9800000000000001, 0.9755, 0.9755, 0.9800000000000001, 0.9800000000000001, 0.9800000000000001, 0.9755, 0.9755, 0.9800000000000001, 0.9800000000000001, 0.9800000000000001, 0.9755, 0.9755, 0.9800000000000001, 0.9855, 0.981, 0.9855, 0.9855, 0.981, 0.9855, 0.9855, 0.981, 0.9855, 0.991, 0.991, 0.991, 0.991, 0.991, 0.991, 0.986, 0.986, 0.9855, 0.981, 0.9855, 0.9855, 0.981, 0.9855, 0.986, 0.986, 0.991, 0.991, 0.991, 0.991, 0.991, 0.991, 0.991, 0.991, 0.991, 0.991, 0.986, 0.986, 0.991, 0.991, 0.991, 0.991, 0.991, 0.991, 0.991, 0.991, 0.991, 0.991, 0.991, 0.991, 0.991, 0.991, 0.991, 0.991, 0.991]","[[0], [1], (0, 1), [0], [1], (0, 1), [0], [1], (0, 1), [0], [1], [2], [3], (2, 3), [2], [3], (2, 3), [2], [3], (2, 3), [2], [3], (1, 2), [1], [2], (1, 2), [1], [2], (1, 2), [1], [2], [1], [4], [5], (4, 5), [4], [5], (4, 5), [4], [5], (4, 5), [4], [5], [6], [7], (6, 7), [6], [7], (6, 7), [6], [7], (6, 7), [6], [7], (5, 6), [5], [6], (5, 6), [5], [6], (5, 6), [5], [6], [5], (4, 5), [4], [5], (4, 5), [4], [5], (4, 5), [4], [5], [8], [9], (8, 9), [8], [9], (8, 9), [8], [9], (8, 9), [8], [9], (5, 6), [5], [6], (5, 6), [5], [6], (5, 6), [5], [6], [9], (8, 9), [8], [9], (8, 9), [8], [9], (8, 9), [8], [9], (7, 10), [7], [10], (7, 10), [7], [10], (7, 10), [7], [10], (9, 10), [9], [10], (9, 10), [9], [10], (9, 10), [9], [10], [10], (3, 7), [3], [7], (3, 7), [3], [7], (3, 7), [3], [7], (6, 7), [6], [7], (6, 7), [6], [7], (6, 7), [6], [7], [7], [0], (0, 1), [0], [1], (0, 1), [0], [1], (0, 1), [0], [1], [2], [2], (1, 2), [1], [2], (1, 2), [1], [2], (1, 2), [1], [2], [5], [6], [5], [6], (5, 6), [5], [6], (5, 6), [5], [6], (5, 6), [5], [6], (2, 6), [2], [6], (2, 6), [2], [6], (2, 6), [2], [6], [2], [9], [9], (5, 9), [5], [9], (5, 9), [5], [9], (5, 9), [5], [9], [5], [1], (1, 5), [1], [5], (1, 5), [1], [5], (1, 5), [1], [5], [6], [6], (5, 6), [5], [6], (5, 6), [5], [6], (5, 6), [5], [6], (6, 9), [6], [9], (6, 9), [6], [9], (6, 9), [6], [9], [6], [5], [5], (5, 9), [5], [9], (5, 9), [5], [9], (5, 9), [5], [9], [9], [5]]","['sg', 'sg', 'syc', 'sg', 'sg', 'syc', 'sg', 'sg', 'syc', 'sg', 'sg', 'sg', 'sg', 'syc', 'sg', 'sg', 'syc', 'sg', 'sg', 'syc', 'sg', 'sg', 'syc', 'sg', 'sg', 'syc', 'sg', 'sg', 'syc', 'sg', 'sg', 'm0', 'sg', 'sg', 'syc', 'sg', 'sg', 'syc', 'sg', 'sg', 'syc', 'sg', 'sg', 'sg', 'sg', 'syc', 'sg', 'sg', 'syc', 'sg', 'sg', 'syc', 'sg', 'sg', 'syc', 'sg', 'sg', 'syc', 'sg', 'sg', 'syc', 'sg', 'sg', 'm2', 'syc', 'sg', 'sg', 'syc', 'sg', 'sg', 'syc', 'sg', 'sg', 'sg', 'sg', 'syc', 'sg', 'sg', 'syc', 'sg', 'sg', 'syc', 'sg', 'sg', 'syc', 'sg', 'sg', 'syc', 'sg', 'sg', 'syc', 'sg', 'sg', 'm4', 'syc', 'sg', 'sg', 'syc', 'sg', 'sg', 'syc', 'sg', 'sg', 'syc', 'sg', 'sg', 'syc', 'sg', 'sg', 'syc', 'sg', 'sg', 'syc', 'sg', 'sg', 'syc', 'sg', 'sg', 'syc', 'sg', 'sg', 'm3', 'syc', 'sg', 'sg', 'syc', 'sg', 'sg', 'syc', 'sg', 'sg', 'syc', 'sg', 'sg', 'syc', 'sg', 'sg', 'syc', 'sg', 'sg', 'm1', 'v0', 'syc', 'sg', 'sg', 'syc', 'sg', 'sg', 'syc', 'sg', 'sg', 'v1', 'sg', 'syc', 'sg', 'sg', 'syc', 'sg', 'sg', 'syc', 'sg', 'sg', 'v3', 'v2', 'sg', 'sg', 'syc', 'sg', 'sg', 'syc', 'sg', 'sg', 'syc', 'sg', 'sg', 'syc', 'sg', 'sg', 'syc', 'sg', 'sg', 'syc', 'sg', 'sg', 'm5', 'v4', 'sg', 'syc', 'sg', 'sg', 'syc', 'sg', 'sg', 'syc', 'sg', 'sg', 'm6', 'v5', 'syc', 'sg', 'sg', 'syc', 'sg', 'sg', 'syc', 'sg', 'sg', 'v6', 'sg', 'syc', 'sg', 'sg', 'syc', 'sg', 'sg', 'syc', 'sg', 'sg', 'syc', 'sg', 'sg', 'syc', 'sg', 'sg', 'syc', 'sg', 'sg', 'm7', 'v7', 'sg', 'syc', 'sg', 'sg', 'syc', 'sg', 'sg', 'syc', 'sg', 'sg', 'm8', 'v8']"
3,sabre_basic,0.12833224040056102,0.23750068077563044,191,84,956,365.45454545454544,"[904, 384, 372, 537, 755, 381, 175, 0, 161, 178, 173]","[956, 778, 599, 590, 953, 626, 578, 20, 181, 378, 351, 0, 0, 0, 0, 0]",0.9868690476190475,"[0.9800000000000001, 0.9805, 0.9755, 0.9800000000000001, 0.9850000000000001, 0.9800000000000001, 0.9805, 0.9755, 0.9800000000000001, 0.9850000000000001, 0.9800000000000001, 0.9805, 0.9755, 0.9800000000000001, 0.9850000000000001, 0.9855, 0.981, 0.9855, 0.9855, 0.981, 0.9855, 0.9855, 0.981, 0.9855, 0.991, 0.991, 0.991, 0.991, 0.991, 0.991, 0.986, 0.986, 0.986, 0.986, 0.986, 0.986, 0.991, 0.991, 0.991, 0.991, 0.986, 0.986, 0.986, 0.986, 0.981, 0.981, 0.981, 0.9855, 0.9855, 0.981, 0.9855, 0.9855, 0.981, 0.991, 0.991, 0.991, 0.991, 0.991, 0.991, 0.991, 0.991, 0.991, 0.991, 0.991, 0.991, 0.991, 0.991, 0.991, 0.991, 0.991, 0.991, 0.991, 0.991, 0.991, 0.991, 0.991, 0.991, 0.991, 0.991, 0.991, 0.991, 0.991, 0.991, 0.991]","[[0], [1], (0, 1), [0], [1], (0, 1), [0], [1], (0, 1), [0], [1], [2], [3], (2, 3), [2], [3], (2, 3), [2], [3], (2, 3), [2], [3], (1, 2), [1], [2], (1, 2), [1], [2], (1, 2), [1], [2], [1], [4], [5], (4, 5), [4], [5], (4, 5), [4], [5], (4, 5), [4], [5], [6], [7], (6, 7), [6], [7], (6, 7), [6], [7], (6, 7), [6], [7], (5, 6), [5], [6], (5, 6), [5], [6], (5, 6), [5], [6], (3, 6), [3], [6], (3, 6), [3], [6], (3, 6), [3], [6], [5], (4, 5), [4], [5], (4, 5), [4], [5], (4, 5), [4], [5], (5, 6), [5], [6], (5, 6), [5], [6], (5, 6), [5], [6], [6], [8], [9], (8, 9), [8], [9], (8, 9), [8], [9], (8, 9), [8], [9], [9], (8, 9), [8], [9], (8, 9), [8], [9], (8, 9), [8], [9], (7, 10), [7], [10], (7, 10), [7], [10], (7, 10), [7], [10], (9, 10), [9], [10], (9, 10), [9], [10], (9, 10), [9], [10], [10], [0], [2], (1, 2), [1], [2], (1, 2), [1], [2], (1, 2), [1], [2], [0], (0, 1), [0], [1], (0, 1), [0], [1], (0, 1), [0], [1], (1, 2), [1], [2], (1, 2), [1], [2], (1, 2), [1], [2], [3], [5], (5, 6), [5], [6], (5, 6), [5], [6], (5, 6), [5], [6], [3], (3, 6), [3], [6], (3, 6), [3], [6], (3, 6), [3], [6], (2, 6), [2], [6], (2, 6), [2], [6], (2, 6), [2], [6], [2], (6, 3), [6], [3], (6, 3), [6], [3], (6, 3), [6], [3], [9], (5, 9), [5], [9], (5, 9), [5], [9], (5, 9), [5], [9], (5, 6), [5], [6], (5, 6), [5], [6], (5, 6), [5], [6], [6], [0], [3], (2, 3), [2], [3], (2, 3), [2], [3], (2, 3), [2], [3], (1, 2), [1], [2], (1, 2), [1], [2], (1, 2), [1], [2], [0], (0, 1), [0], [1], (0, 1), [0], [1], (0, 1), [0], [1], (1, 5), [1], [5], (1, 5), [1], [5], (1, 5), [1], [5], [1], [0], (4, 5), [4], [5], (4, 5), [4], [5], (4, 5), [4], [5], [0], (0, 4), [0], [4], (0, 4), [0], [4], (0, 4), [0], [4], [4], [0]]","['sg', 'sg', 'syc', 'sg', 'sg', 'syc', 'sg', 'sg', 'syc', 'sg', 'sg', 'sg', 'sg', 'syc', 'sg', 'sg', 'syc', 'sg', 'sg', 'syc', 'sg', 'sg', 'syc', 'sg', 'sg', 'syc', 'sg', 'sg', 'syc', 'sg', 'sg', 'm0', 'sg', 'sg', 'syc', 'sg', 'sg', 'syc', 'sg', 'sg', 'syc', 'sg', 'sg', 'sg', 'sg', 'syc', 'sg', 'sg', 'syc', 'sg', 'sg', 'syc', 'sg', 'sg', 'syc', 'sg', 'sg', 'syc', 'sg', 'sg', 'syc', 'sg', 'sg', 'syc', 'sg', 'sg', 'syc', 'sg', 'sg', 'syc', 'sg', 'sg', 'm2', 'syc', 'sg', 'sg', 'syc', 'sg', 'sg', 'syc', 'sg', 'sg', 'syc', 'sg', 'sg', 'syc', 'sg', 'sg', 'syc', 'sg', 'sg', 'm1', 'sg', 'sg', 'syc', 'sg', 'sg', 'syc', 'sg', 'sg', 'syc', 'sg', 'sg', 'm4', 'syc', 'sg', 'sg', 'syc', 'sg', 'sg', 'syc', 'sg', 'sg', 'syc', 'sg', 'sg', 'syc', 'sg', 'sg', 'syc', 'sg', 'sg', 'syc', 'sg', 'sg', 'syc', 'sg', 'sg', 'syc', 'sg', 'sg', 'm3', 'v0', 'v1', 'syc', 'sg', 'sg', 'syc', 'sg', 'sg', 'syc', 'sg', 'sg', 'sg', 'syc', 'sg', 'sg', 'syc', 'sg', 'sg', 'syc', 'sg', 'sg', 'syc', 'sg', 'sg', 'syc', 'sg', 'sg', 'syc', 'sg', 'sg', 'v3', 'v2', 'syc', 'sg', 'sg', 'syc', 'sg', 'sg', 'syc', 'sg', 'sg', 'sg', 'syc', 'sg', 'sg', 'syc', 'sg', 'sg', 'syc', 'sg', 'sg', 'syc', 'sg', 'sg', 'syc', 'sg', 'sg', 'syc', 'sg', 'sg', 'm5', 'syc', 'sg', 'sg', 'syc', 'sg', 'sg', 'syc', 'sg', 'sg', 'v4', 'syc', 'sg', 'sg', 'syc', 'sg', 'sg', 'syc', 'sg', 'sg', 'syc', 'sg', 'sg', 'syc', 'sg', 'sg', 'syc', 'sg', 'sg', 'm6', 'v5', 'v6', 'syc', 'sg', 'sg', 'syc', 'sg', 'sg', 'syc', 'sg', 'sg', 'syc', 'sg', 'sg', 'syc', 'sg', 'sg', 'syc', 'sg', 'sg', 'sg', 'syc', 'sg', 'sg', 'syc', 'sg', 'sg', 'syc', 'sg', 'sg', 'syc', 'sg', 'sg', 'syc', 'sg', 'sg', 'syc', 'sg', 'sg', 'm7', 'v7', 'syc', 'sg', 'sg', 'syc', 'sg', 'sg', 'syc', 'sg', 'sg', 'sg', 'syc', 'sg', 'sg', 'syc', 'sg', 'sg', 'syc', 'sg', 'sg', 'm8', 'v8']"
3,sabre_lookahead,0.16761319801311464,0.2927669500166986,167,72,922,295.6363636363636,"[171, 527, 351, 189, 703, 335, 479, 0, 332, 2, 163]","[193, 749, 553, 369, 919, 922, 550, 20, 363, 351, 181, 0, 0, 0, 0, 0]",0.986875,"[0.9800000000000001, 0.9805, 0.9755, 0.9800000000000001, 0.9850000000000001, 0.9800000000000001, 0.9805, 0.9755, 0.9800000000000001, 0.9850000000000001, 0.9800000000000001, 0.9805, 0.9755, 0.9800000000000001, 0.9850000000000001, 0.9855, 0.981, 0.9855, 0.9855, 0.981, 0.9855, 0.9855, 0.981, 0.9855, 0.991, 0.991, 0.991, 0.986, 0.986, 0.9855, 0.981, 0.9855, 0.9855, 0.981, 0.9855, 0.986, 0.986, 0.991, 0.991, 0.991, 0.991, 0.991, 0.991, 0.991, 0.991, 0.991, 0.991, 0.991, 0.991, 0.991, 0.986, 0.986, 0.991, 0.991, 0.991, 0.991, 0.991, 0.991, 0.991, 0.991, 0.991, 0.991, 0.991, 0.991, 0.991, 0.991, 0.991, 0.991, 0.991, 0.991, 0.991, 0.991]","[[0], [1], (0, 1), [0], [1], (0, 1), [0], [1], (0, 1), [0], [1], [2], [3], (2, 3), [2], [3], (2, 3), [2], [3], (2, 3), [2], [3], (1, 2), [1], [2], (1, 2), [1], [2], (1, 2), [1], [2], [1], [4], [5], (4, 5), [4], [5], (4, 5), [4], [5], (4, 5), [4], [5], [6], [7], (6, 7), [6], [7], (6, 7), [6], [7], (6, 7), [6], [7], (5, 6), [5], [6], (5, 6), [5], [6], (5, 6), [5], [6], [5], (4, 5), [4], [5], (4, 5), [4], [5], (4, 5), [4], [5], (5, 6), [5], [6], (5, 6), [5], [6], (5, 6), [5], [6], (3, 6), [3], [6], (3, 6), [3], [6], (3, 6), [3], [6], [3], [8], [9], (8, 9), [8], [9], (8, 9), [8], [9], (8, 9), [8], [9], [9], (7, 10), [7], [10], (7, 10), [7], [10], (7, 10), [7], [10], (9, 10), [9], [10], (9, 10), [9], [10], (9, 10), [9], [10], (8, 9), [8], [9], (8, 9), [8], [9], (8, 9), [8], [9], [9], [0], (0, 1), [0], [1], (0, 1), [0], [1], (0, 1), [0], [1], [2], [2], (1, 2), [1], [2], (1, 2), [1], [2], (1, 2), [1], [2], [5], [6], [5], [6], (5, 6), [5], [6], (5, 6), [5], [6], (5, 6), [5], [6], (2, 6), [2], [6], (2, 6), [2], [6], (2, 6), [2], [6], [2], [8], (4, 8), [4], [8], (4, 8), [4], [8], (4, 8), [4], [8], (4, 5), [4], [5], (4, 5), [4], [5], (4, 5), [4], [5], [5], [1], [6], (5, 6), [5], [6], (5, 6), [5], [6], (5, 6), [5], [6], [1], (1, 5), [1], [5], (1, 5), [1], [5], (1, 5), [1], [5], (4, 5), [4], [5], (4, 5), [4], [5], (4, 5), [4], [5], [5], [1], (1, 5), [1], [5], (1, 5), [1], [5], (1, 5), [1], [5], (4, 5), [4], [5], (4, 5), [4], [5], (4, 5), [4], [5], [4], [5]]","['sg', 'sg', 'syc', 'sg', 'sg', 'syc', 'sg', 'sg', 'syc', 'sg', 'sg', 'sg', 'sg', 'syc', 'sg', 'sg', 'syc', 'sg', 'sg', 'syc', 'sg', 'sg', 'syc', 'sg', 'sg', 'syc', 'sg', 'sg', 'syc', 'sg', 'sg', 'm0', 'sg', 'sg', 'syc', 'sg', 'sg', 'syc', 'sg', 'sg', 'syc', 'sg', 'sg', 'sg', 'sg', 'syc', 'sg', 'sg', 'syc', 'sg', 'sg', 'syc', 'sg', 'sg', 'syc', 'sg', 'sg', 'syc', 'sg', 'sg', 'syc', 'sg', 'sg', 'm2', 'syc', 'sg', 'sg', 'syc', 'sg', 'sg', 'syc', 'sg', 'sg', 'syc', 'sg', 'sg', 'syc', 'sg', 'sg', 'syc', 'sg', 'sg', 'syc', 'sg', 'sg', 'syc', 'sg', 'sg', 'syc', 'sg', 'sg', 'm1', 'sg', 'sg', 'syc', 'sg', 'sg', 'syc', 'sg', 'sg', 'syc', 'sg', 'sg', 'm4', 'syc', 'sg', 'sg', 'syc', 'sg', 'sg', 'syc', 'sg', 'sg', 'syc', 'sg', 'sg', 'syc', 'sg', 'sg', 'syc', 'sg', 'sg', 'syc', 'sg', 'sg', 'syc', 'sg', 'sg', 'syc', 'sg', 'sg', 'm3', 'v0', 'syc', 'sg', 'sg', 'syc', 'sg', 'sg', 'syc', 'sg', 'sg', 'v1', 'sg', 'syc', 'sg', 'sg', 'syc', 'sg', 'sg', 'syc', 'sg', 'sg', 'v3', 'v2', 'sg', 'sg', 'syc', 'sg', 'sg', 'syc', 'sg', 'sg', 'syc', 'sg', 'sg', 'syc', 'sg', 'sg', 'syc', 'sg', 'sg', 'syc', 'sg', 'sg', 'm5', 'v4', 'syc', 'sg', 'sg', 'syc', 'sg', 'sg', 'syc', 'sg', 'sg', 'syc', 'sg', 'sg', 'syc', 'sg', 'sg', 'syc', 'sg', 'sg', 'm6', 'v5', 'v6', 'syc', 'sg', 'sg', 'syc', 'sg', 'sg', 'syc', 'sg', 'sg', 'sg', 'syc', 'sg', 'sg', 'syc', 'sg', 'sg', 'syc', 'sg', 'sg', 'syc', 'sg', 'sg', 'syc', 'sg', 'sg', 'syc', 'sg', 'sg', 'm7', 'v7', 'syc', 'sg', 'sg', 'syc', 'sg', 'sg', 'syc', 'sg', 'sg', 'syc', 'sg', 'sg', 'syc', 'sg', 'sg', 'syc', 'sg', 'sg', 'm8', 'v8']"
3,sabre_decay,0.1754770391748772,0.30374405633135954,163,69,919,280.3636363636364,"[171, 693, 351, 189, 170, 171, 479, 0, 161, 526, 173]","[193, 919, 553, 369, 190, 916, 550, 20, 181, 746, 351, 0, 0, 0, 0, 0]",0.986695652173913,"[0.9800000000000001, 0.9805, 0.9755, 0.9800000000000001, 0.9850000000000001, 0.9800000000000001, 0.9805, 0.9755, 0.9800000000000001, 0.9850000000000001, 0.9800000000000001, 0.9805, 0.9755, 0.9800000000000001, 0.9850000000000001, 0.9855, 0.981, 0.9855, 0.9855, 0.981, 0.9855, 0.9855, 0.981, 0.9855, 0.991, 0.991, 0.991, 0.986, 0.986, 0.9855, 0.981, 0.9855, 0.9855, 0.981, 0.9855, 0.986, 0.986, 0.991, 0.991, 0.991, 0.991, 0.991, 0.991, 0.991, 0.991, 0.991, 0.991, 0.986, 0.986, 0.991, 0.991, 0.991, 0.991, 0.991, 0.991, 0.991, 0.991, 0.991, 0.991, 0.991, 0.991, 0.991, 0.991, 0.991, 0.991, 0.991, 0.991, 0.991, 0.991]","[[0], [1], (0, 1), [0], [1], (0, 1), [0], [1], (0, 1), [0], [1], [2], [3], (2, 3), [2], [3], (2, 3), [2], [3], (2, 3), [2], [3], (1, 2), [1], [2], (1, 2), [1], [2], (1, 2), [1], [2], [1], [4], [5], (4, 5), [4], [5], (4, 5), [4], [5], (4, 5), [4], [5], [6], [7], (6, 7), [6], [7], (6, 7), [6], [7], (6, 7), [6], [7], (5, 6), [5], [6], (5, 6), [5], [6], (5, 6), [5], [6], [5], (4, 5), [4], [5], (4, 5), [4], [5], (4, 5), [4], [5], (5, 6), [5], [6], (5, 6), [5], [6], (5, 6), [5], [6], (3, 6), [3], [6], (3, 6), [3], [6], (3, 6), [3], [6], [3], [8], [9], (8, 9), [8], [9], (8, 9), [8], [9], (8, 9), [8], [9], [9], (8, 9), [8], [9], (8, 9), [8], [9], (8, 9), [8], [9], (7, 10), [7], [10], (7, 10), [7], [10], (7, 10), [7], [10], (9, 10), [9], [10], (9, 10), [9], [10], (9, 10), [9], [10], [10], [0], (0, 1), [0], [1], (0, 1), [0], [1], (0, 1), [0], [1], [2], [2], (1, 2), [1], [2], (1, 2), [1], [2], (1, 2), [1], [2], [5], [6], [5], [6], (5, 6), [5], [6], (5, 6), [5], [6], (5, 6), [5], [6], (2, 6), [2], [6], (2, 6), [2], [6], (2, 6), [2], [6], [2], [9], [9], (5, 9), [5], [9], (5, 9), [5], [9], (5, 9), [5], [9], [5], [1], [6], (5, 6), [5], [6], (5, 6), [5], [6], (5, 6), [5], [6], [1], (1, 5), [1], [5], (1, 5), [1], [5], (1, 5), [1], [5], (5, 9), [5], [9], (5, 9), [5], [9], (5, 9), [5], [9], [5], [1], (5, 9), [5], [9], (5, 9), [5], [9], (5, 9), [5], [9], [1], (1, 5), [1], [5], (1, 5), [1], [5], (1, 5), [1], [5], [5], [1]]","['sg', 'sg', 'syc', 'sg', 'sg', 'syc', 'sg', 'sg', 'syc', 'sg', 'sg', 'sg', 'sg', 'syc', 'sg', 'sg', 'syc', 'sg', 'sg', 'syc', 'sg', 'sg', 'syc', 'sg', 'sg', 'syc', 'sg', 'sg', 'syc', 'sg', 'sg', 'm0', 'sg', 'sg', 'syc', 'sg', 'sg', 'syc', 'sg', 'sg', 'syc', 'sg', 'sg', 'sg', 'sg', 'syc', 'sg', 'sg', 'syc', 'sg', 'sg', 'syc', 'sg', 'sg', 'syc', 'sg', 'sg', 'syc', 'sg', 'sg', 'syc', 'sg', 'sg', 'm2', 'syc', 'sg', 'sg', 'syc', 'sg', 'sg', 'syc', 'sg', 'sg', 'syc', 'sg', 'sg', 'syc', 'sg', 'sg', 'syc', 'sg', 'sg', 'syc', 'sg', 'sg', 'syc', 'sg', 'sg', 'syc', 'sg', 'sg', 'm1', 'sg', 'sg', 'syc', 'sg', 'sg', 'syc', 'sg', 'sg', 'syc', 'sg', 'sg', 'm4', 'syc', 'sg', 'sg', 'syc', 'sg', 'sg', 'syc', 'sg', 'sg', 'syc', 'sg', 'sg', 'syc', 'sg', 'sg', 'syc', 'sg', 'sg', 'syc', 'sg', 'sg', 'syc', 'sg', 'sg', 'syc', 'sg', 'sg', 'm3', 'v0', 'syc', 'sg', 'sg', 'syc', 'sg', 'sg', 'syc', 'sg', 'sg', 'v1', 'sg', 'syc', 'sg', 'sg', 'syc', 'sg', 'sg', 'syc', 'sg', 'sg', 'v3', 'v2', 'sg', 'sg', 'syc', 'sg', 'sg', 'syc', 'sg', 'sg', 'syc', 'sg', 'sg', 'syc', 'sg', 'sg', 'syc', 'sg', 'sg', 'syc', 'sg', 'sg', 'm5', 'v4', 'sg', 'syc', 'sg', 'sg', 'syc', 'sg', 'sg', 'syc', 'sg', 'sg', 'm6', 'v5', 'v6', 'syc', 'sg', 'sg', 'syc', 'sg', 'sg', 'syc', 'sg', 'sg', 'sg', 'syc', 'sg', 'sg', 'syc', 'sg', 'sg', 'syc', 'sg', 'sg', 'syc', 'sg', 'sg', 'syc', 'sg', 'sg', 'syc', 'sg', 'sg', 'm7', 'v7', 'syc', 'sg', 'sg', 'syc', 'sg', 'sg', 'syc', 'sg', 'sg', 'sg', 'syc', 'sg', 'sg', 'syc', 'sg', 'sg', 'syc', 'sg', 'sg', 'm8', 'v8']"
4,sabre_basic,0.13707601293306035,0.25683357487416114,186,81,942,323.6363636363636,"[171, 716, 358, 9, 341, 198, 505, 339, 161, 549, 213]","[193, 942, 560, 29, 372, 939, 581, 399, 181, 769, 569, 0, 0, 0, 0, 0]",0.9870864197530863,"[0.9800000000000001, 0.9805, 0.9755, 0.9800000000000001, 0.9850000000000001, 0.9800000000000001, 0.9805, 0.9755, 0.9800000000000001, 0.9850000000000001, 0.9800000000000001, 0.9805, 0.9755, 0.9800000000000001, 0.9850000000000001, 0.9855, 0.981, 0.9855, 0.9855, 0.981, 0.9855, 0.9855, 0.981, 0.9855, 0.991, 0.991, 0.991, 0.991, 0.991, 0.991, 0.991, 0.991, 0.991, 0.986, 0.986, 0.9855, 0.981, 0.9855, 0.9855, 0.981, 0.9855, 0.986, 0.986, 0.991, 0.991, 0.991, 0.991, 0.991, 0.991, 0.991, 0.991, 0.991, 0.991, 0.991, 0.991, 0.991, 0.991, 0.986, 0.986, 0.986, 0.986, 0.986, 0.986, 0.991, 0.991, 0.991, 0.991, 0.991, 0.991, 0.991, 0.991, 0.991, 0.991, 0.991, 0.991, 0.991, 0.991, 0.991, 0.991, 0.991, 0.991]","[[0], [1], (0, 1), [0], [1], (0, 1), [0], [1], (0, 1), [0], [1], [2], [3], (2, 3), [2], [3], (2, 3), [2], [3], (2, 3), [2], [3], (1, 2), [1], [2], (1, 2), [1], [2], (1, 2), [1], [2], [1], [4], [5], (4, 5), [4], [5], (4, 5), [4], [5], (4, 5), [4], [5], [6], [7], (6, 7), [6], [7], (6, 7), [6], [7], (6, 7), [6], [7], (5, 6), [5], [6], (5, 6), [5], [6], (5, 6), [5], [6], [5], [8], [9], (8, 9), [8], [9], (8, 9), [8], [9], (8, 9), [8], [9], [9], (8, 9), [8], [9], (8, 9), [8], [9], (8, 9), [8], [9], (7, 10), [7], [10], (7, 10), [7], [10], (7, 10), [7], [10], (9, 10), [9], [10], (9, 10), [9], [10], (9, 10), [9], [10], [10], (3, 7), [3], [7], (3, 7), [3], [7], (3, 7), [3], [7], (6, 7), [6], [7], (6, 7), [6], [7], (6, 7), [6], [7], (5, 6), [5], [6], (5, 6), [5], [6], (5, 6), [5], [6], (4, 5), [4], [5], (4, 5), [4], [5], (4, 5), [4], [5], [5], [0], (0, 1), [0], [1], (0, 1), [0], [1], (0, 1), [0], [1], [2], [2], (1, 2), [1], [2], (1, 2), [1], [2], (1, 2), [1], [2], [4], (4, 5), [4], [5], (4, 5), [4], [5], (4, 5), [4], [5], (5, 6), [5], [6], (5, 6), [5], [6], (5, 6), [5], [6], [7], [7], (6, 7), [6], [7], (6, 7), [6], [7], (6, 7), [6], [7], (2, 6), [2], [6], (2, 6), [2], [6], (2, 6), [2], [6], [2], (7, 10), [7], [10], (7, 10), [7], [10], (7, 10), [7], [10], [9], [9], (10, 9), [10], [9], (10, 9), [10], [9], (10, 9), [10], [9], [10], [1], [6], (5, 6), [5], [6], (5, 6), [5], [6], (5, 6), [5], [6], [1], (1, 5), [1], [5], (1, 5), [1], [5], (1, 5), [1], [5], (5, 9), [5], [9], (5, 9), [5], [9], (5, 9), [5], [9], [5], [1], (5, 9), [5], [9], (5, 9), [5], [9], (5, 9), [5], [9], [1], (1, 5), [1], [5], (1, 5), [1], [5], (1, 5), [1], [5], [5], [1]]","['sg', 'sg', 'syc', 'sg', 'sg', 'syc', 'sg', 'sg', 'syc', 'sg', 'sg', 'sg', 'sg', 'syc', 'sg', 'sg', 'syc', 'sg', 'sg', 'syc', 'sg', 'sg', 'syc', 'sg', 'sg', 'syc', 'sg', 'sg', 'syc', 'sg', 'sg', 'm0', 'sg', 'sg', 'syc', 'sg', 'sg', 'syc', 'sg', 'sg', 'syc', 'sg', 'sg', 'sg', 'sg', 'syc', 'sg', 'sg', 'syc', 'sg', 'sg', 'syc', 'sg', 'sg', 'syc', 'sg', 'sg', 'syc', 'sg', 'sg', 'syc', 'sg', 'sg', 'm2', 'sg', 'sg', 'syc', 'sg', 'sg', 'syc', 'sg', 'sg', 'syc', 'sg', 'sg', 'm4', 'syc', 'sg', 'sg', 'syc', 'sg', 'sg', 'syc', 'sg', 'sg', 'syc', 'sg', 'sg', 'syc', 'sg', 'sg', 'syc', 'sg', 'sg', 'syc', 'sg', 'sg', 'syc', 'sg', 'sg', 'syc', 'sg', 'sg', 'm3', 'syc', 'sg', 'sg', 'syc', 'sg', 'sg', 'syc', 'sg', 'sg', 'syc', 'sg', 'sg', 'syc', 'sg', 'sg', 'syc', 'sg', 'sg', 'syc', 'sg', 'sg', 'syc', 'sg', 'sg', 'syc', 'sg', 'sg', 'syc', 'sg', 'sg', 'syc', 'sg', 'sg', 'syc', 'sg', 'sg', 'm1', 'v0', 'syc', 'sg', 'sg', 'syc', 'sg', 'sg', 'syc', 'sg', 'sg', 'v1', 'sg', 'syc', 'sg', 'sg', 'syc', 'sg', 'sg', 'syc', 'sg', 'sg', 'v2', 'syc', 'sg', 'sg', 'syc', 'sg', 'sg', 'syc', 'sg', 'sg', 'syc', 'sg', 'sg', 'syc', 'sg', 'sg', 'syc', 'sg', 'sg', 'v3', 'sg', 'syc', 'sg', 'sg', 'syc', 'sg', 'sg', 'syc', 'sg', 'sg', 'syc', 'sg', 'sg', 'syc', 'sg', 'sg', 'syc', 'sg', 'sg', 'm5', 'syc', 'sg', 'sg', 'syc', 'sg', 'sg', 'syc', 'sg', 'sg', 'v4', 'sg', 'syc', 'sg', 'sg', 'syc', 'sg', 'sg', 'syc', 'sg', 'sg', 'm6', 'v5', 'v6', 'syc', 'sg', 'sg', 'syc', 'sg', 'sg', 'syc', 'sg', 'sg', 'sg', 'syc', 'sg', 'sg', 'syc', 'sg', 'sg', 'syc', 'sg', 'sg', 'syc', 'sg', 'sg', 'syc', 'sg', 'sg', 'syc', 'sg', 'sg', 'm7', 'v7', 'syc', 'sg', 'sg', 'syc', 'sg', 'sg', 'syc', 'sg', 'sg', 'sg', 'syc', 'sg', 'sg', 'syc', 'sg', 'sg', 'syc', 'sg', 'sg', 'm8', 'v8']"
4,sabre_lookahead,0.15957024424412136,0.27254895452292227,169,72,1097,373.72727272727275,"[171, 517, 512, 9, 170, 509, 695, 322, 161, 871, 174]","[193, 726, 714, 29, 190, 1094, 919, 360, 181, 1097, 530, 0, 0, 0, 0, 0]",0.9863194444444443,"[0.9800000000000001, 0.9805, 0.9755, 0.9800000000000001, 0.9850000000000001, 0.9800000000000001, 0.9805, 0.9755, 0.9800000000000001, 0.9850000000000001, 0.9800000000000001, 0.9805, 0.9755, 0.9800000000000001, 0.9850000000000001, 0.9855, 0.981, 0.9855, 0.9855, 0.981, 0.9855, 0.9855, 0.981, 0.9855, 0.991, 0.991, 0.991, 0.991, 0.991, 0.991, 0.986, 0.986, 0.9855, 0.981, 0.9855, 0.9855, 0.981, 0.9855, 0.991, 0.991, 0.991, 0.991, 0.991, 0.991, 0.991, 0.986, 0.986, 0.986, 0.986, 0.986, 0.986, 0.986, 0.986, 0.986, 0.986, 0.986, 0.986, 0.991, 0.991, 0.991, 0.991, 0.991, 0.991, 0.991, 0.991, 0.991, 0.991, 0.991, 0.991, 0.991, 0.991, 0.991]","[[0], [1], (0, 1), [0], [1], (0, 1), [0], [1], (0, 1), [0], [1], [2], [3], (2, 3), [2], [3], (2, 3), [2], [3], (2, 3), [2], [3], (1, 2), [1], [2], (1, 2), [1], [2], (1, 2), [1], [2], [1], [4], [5], (4, 5), [4], [5], (4, 5), [4], [5], (4, 5), [4], [5], [6], [7], (6, 7), [6], [7], (6, 7), [6], [7], (6, 7), [6], [7], (5, 6), [5], [6], (5, 6), [5], [6], (5, 6), [5], [6], [5], (4, 5), [4], [5], (4, 5), [4], [5], (4, 5), [4], [5], [8], [9], (8, 9), [8], [9], (8, 9), [8], [9], (8, 9), [8], [9], [9], (8, 9), [8], [9], (8, 9), [8], [9], (8, 9), [8], [9], (7, 10), [7], [10], (7, 10), [7], [10], (7, 10), [7], [10], (9, 10), [9], [10], (9, 10), [9], [10], (9, 10), [9], [10], [10], (3, 7), [3], [7], (3, 7), [3], [7], (3, 7), [3], [7], (7, 10), [7], [10], (7, 10), [7], [10], (7, 10), [7], [10], (5, 10), [5], [10], (5, 10), [5], [10], (5, 10), [5], [10], [10], [0], (0, 1), [0], [1], (0, 1), [0], [1], (0, 1), [0], [1], [2], [2], (1, 2), [1], [2], (1, 2), [1], [2], (1, 2), [1], [2], [5], [6], [5], [6], (5, 6), [5], [6], (5, 6), [5], [6], (5, 6), [5], [6], (2, 6), [2], [6], (2, 6), [2], [6], (2, 6), [2], [6], [2], [9], [9], (5, 9), [5], [9], (5, 9), [5], [9], (5, 9), [5], [9], [5], [1], (1, 5), [1], [5], (1, 5), [1], [5], (1, 5), [1], [5], [6], [6], (5, 6), [5], [6], (5, 6), [5], [6], (5, 6), [5], [6], (5, 9), [5], [9], (5, 9), [5], [9], (5, 9), [5], [9], (5, 6), [5], [6], (5, 6), [5], [6], (5, 6), [5], [6], [6], [9], [9], (9, 5), [9], [5], (9, 5), [9], [5], (9, 5), [9], [5], [5], [9]]","['sg', 'sg', 'syc', 'sg', 'sg', 'syc', 'sg', 'sg', 'syc', 'sg', 'sg', 'sg', 'sg', 'syc', 'sg', 'sg', 'syc', 'sg', 'sg', 'syc', 'sg', 'sg', 'syc', 'sg', 'sg', 'syc', 'sg', 'sg', 'syc', 'sg', 'sg', 'm0', 'sg', 'sg', 'syc', 'sg', 'sg', 'syc', 'sg', 'sg', 'syc', 'sg', 'sg', 'sg', 'sg', 'syc', 'sg', 'sg', 'syc', 'sg', 'sg', 'syc', 'sg', 'sg', 'syc', 'sg', 'sg', 'syc', 'sg', 'sg', 'syc', 'sg', 'sg', 'm2', 'syc', 'sg', 'sg', 'syc', 'sg', 'sg', 'syc', 'sg', 'sg', 'sg', 'sg', 'syc', 'sg', 'sg', 'syc', 'sg', 'sg', 'syc', 'sg', 'sg', 'm4', 'syc', 'sg', 'sg', 'syc', 'sg', 'sg', 'syc', 'sg', 'sg', 'syc', 'sg', 'sg', 'syc', 'sg', 'sg', 'syc', 'sg', 'sg', 'syc', 'sg', 'sg', 'syc', 'sg', 'sg', 'syc', 'sg', 'sg', 'm3', 'syc', 'sg', 'sg', 'syc', 'sg', 'sg', 'syc', 'sg', 'sg', 'syc', 'sg', 'sg', 'syc', 'sg', 'sg', 'syc', 'sg', 'sg', 'syc', 'sg', 'sg', 'syc', 'sg', 'sg', 'syc', 'sg', 'sg', 'm1', 'v0', 'syc', 'sg', 'sg', 'syc', 'sg', 'sg', 'syc', 'sg', 'sg', 'v1', 'sg', 'syc', 'sg', 'sg', 'syc', 'sg', 'sg', 'syc', 'sg', 'sg', 'v2', 'v3', 'sg', 'sg', 'syc', 'sg', 'sg', 'syc', 'sg', 'sg', 'syc', 'sg', 'sg', 'syc', 'sg', 'sg', 'syc', 'sg', 'sg', 'syc', 'sg', 'sg', 'm5', 'v4', 'sg', 'syc', 'sg', 'sg', 'syc', 'sg', 'sg', 'syc', 'sg', 'sg', 'm6', 'v5', 'syc', 'sg', 'sg', 'syc', 'sg', 'sg', 'syc', 'sg', 'sg', 'v6', 'sg', 'syc', 'sg', 'sg', 'syc', 'sg', 'sg', 'syc', 'sg', 'sg', 'syc', 'sg', 'sg', 'syc', 'sg', 'sg', 'syc', 'sg', 'sg', 'syc', 'sg', 'sg', 'syc', 'sg', 'sg', 'syc', 'sg', 'sg', 'm7', 'v7', 'sg', 'syc', 'sg', 'sg', 'syc', 'sg', 'sg', 'syc', 'sg', 'sg', 'm8', 'v8']"
4,sabre_decay,0.16688407521010384,0.2941406704002239,168,72,922,280.54545454545456,"[171, 527, 351, 9, 170, 335, 479, 171, 161, 539, 173]","[193, 749, 553, 29, 190, 922, 550, 369, 181, 919, 351, 0, 0, 0, 0, 0]",0.986875,"[0.9800000000000001, 0.9805, 0.9755, 0.9800000000000001, 0.9850000000000001, 0.9800000000000001, 0.9805, 0.9755, 0.9800000000000001, 0.9850000000000001, 0.9800000000000001, 0.9805, 0.9755, 0.9800000000000001, 0.9850000000000001, 0.9855, 0.981, 0.9855, 0.9855, 0.981, 0.9855, 0.9855, 0.981, 0.9855, 0.991, 0.991, 0.991, 0.991, 0.991, 0.991, 0.986, 0.986, 0.9855, 0.981, 0.9855, 0.9855, 0.981, 0.9855, 0.986, 0.986, 0.991, 0.991, 0.991, 0.991, 0.991, 0.991, 0.991, 0.991, 0.991, 0.991, 0.986, 0.986, 0.991, 0.991, 0.991, 0.991, 0.991, 0.991, 0.991, 0.991, 0.991, 0.991, 0.991, 0.991, 0.991, 0.991, 0.991, 0.991, 0.991, 0.991, 0.991, 0.991]","[[0], [1], (0, 1), [0], [1], (0, 1), [0], [1], (0, 1), [0], [1], [2], [3], (2, 3), [2], [3], (2, 3), [2], [3], (2, 3), [2], [3], (1, 2), [1], [2], (1, 2), [1], [2], (1, 2), [1], [2], [1], [4], [5], (4, 5), [4], [5], (4, 5), [4], [5], (4, 5), [4], [5], [6], [7], (6, 7), [6], [7], (6, 7), [6], [7], (6, 7), [6], [7], (5, 6), [5], [6], (5, 6), [5], [6], (5, 6), [5], [6], [5], (4, 5), [4], [5], (4, 5), [4], [5], (4, 5), [4], [5], [8], [9], (8, 9), [8], [9], (8, 9), [8], [9], (8, 9), [8], [9], (5, 6), [5], [6], (5, 6), [5], [6], (5, 6), [5], [6], [9], (8, 9), [8], [9], (8, 9), [8], [9], (8, 9), [8], [9], (7, 10), [7], [10], (7, 10), [7], [10], (7, 10), [7], [10], (9, 10), [9], [10], (9, 10), [9], [10], (9, 10), [9], [10], [10], (3, 7), [3], [7], (3, 7), [3], [7], (3, 7), [3], [7], (6, 7), [6], [7], (6, 7), [6], [7], (6, 7), [6], [7], [7], [0], (0, 1), [0], [1], (0, 1), [0], [1], (0, 1), [0], [1], [2], [2], (1, 2), [1], [2], (1, 2), [1], [2], (1, 2), [1], [2], [5], [6], [5], [6], (5, 6), [5], [6], (5, 6), [5], [6], (5, 6), [5], [6], (2, 6), [2], [6], (2, 6), [2], [6], (2, 6), [2], [6], [2], [9], [9], (5, 9), [5], [9], (5, 9), [5], [9], (5, 9), [5], [9], [5], [1], [6], (5, 6), [5], [6], (5, 6), [5], [6], (5, 6), [5], [6], [1], (1, 5), [1], [5], (1, 5), [1], [5], (1, 5), [1], [5], (5, 9), [5], [9], (5, 9), [5], [9], (5, 9), [5], [9], [5], [1], (1, 5), [1], [5], (1, 5), [1], [5], (1, 5), [1], [5], (5, 9), [5], [9], (5, 9), [5], [9], (5, 9), [5], [9], [9], [5]]","['sg', 'sg', 'syc', 'sg', 'sg', 'syc', 'sg', 'sg', 'syc', 'sg', 'sg', 'sg', 'sg', 'syc', 'sg', 'sg', 'syc', 'sg', 'sg', 'syc', 'sg', 'sg', 'syc', 'sg', 'sg', 'syc', 'sg', 'sg', 'syc', 'sg', 'sg', 'm0', 'sg', 'sg', 'syc', 'sg', 'sg', 'syc', 'sg', 'sg', 'syc', 'sg', 'sg', 'sg', 'sg', 'syc', 'sg', 'sg', 'syc', 'sg', 'sg', 'syc', 'sg', 'sg', 'syc', 'sg', 'sg', 'syc', 'sg', 'sg', 'syc', 'sg', 'sg', 'm2', 'syc', 'sg', 'sg', 'syc', 'sg', 'sg', 'syc', 'sg', 'sg', 'sg', 'sg', 'syc', 'sg', 'sg', 'syc', 'sg', 'sg', 'syc', 'sg', 'sg', 'syc', 'sg', 'sg', 'syc', 'sg', 'sg', 'syc', 'sg', 'sg', 'm4', 'syc', 'sg', 'sg', 'syc', 'sg', 'sg', 'syc', 'sg', 'sg', 'syc', 'sg', 'sg', 'syc', 'sg', 'sg', 'syc', 'sg', 'sg', 'syc', 'sg', 'sg', 'syc', 'sg', 'sg', 'syc', 'sg', 'sg', 'm3', 'syc', 'sg', 'sg', 'syc', 'sg', 'sg', 'syc', 'sg', 'sg', 'syc', 'sg', 'sg', 'syc', 'sg', 'sg', 'syc', 'sg', 'sg', 'm1', 'v0', 'syc', 'sg', 'sg', 'syc', 'sg', 'sg', 'syc', 'sg', 'sg', 'v1', 'sg', 'syc', 'sg', 'sg', 'syc', 'sg', 'sg', 'syc', 'sg', 'sg', 'v3', 'v2', 'sg', 'sg', 'syc', 'sg', 'sg', 'syc', 'sg', 'sg', 'syc', 'sg', 'sg', 'syc', 'sg', 'sg', 'syc', 'sg', 'sg', 'syc', 'sg', 'sg', 'm5', 'v4', 'sg', 'syc', 'sg', 'sg', 'syc', 'sg', 'sg', 'syc', 'sg', 'sg', 'm6', 'v5', 'v6', 'syc', 'sg', 'sg', 'syc', 'sg', 'sg', 'syc', 'sg', 'sg', 'sg', 'syc', 'sg', 'sg', 'syc', 'sg', 'sg', 'syc', 'sg', 'sg', 'syc', 'sg', 'sg', 'syc', 'sg', 'sg', 'syc', 'sg', 'sg', 'm7', 'v7', 'syc', 'sg', 'sg', 'syc', 'sg', 'sg', 'syc', 'sg', 'sg', 'syc', 'sg', 'sg', 'syc', 'sg', 'sg', 'syc', 'sg', 'sg', 'm8', 'v8']"
5,sabre_basic,0.10072237388829146,0.22214572805824906,209,93,1128,583.5,"[1060, 368, 691, 548, 916, 592, 544, 533, 161, 422]","[1128, 780, 762, 750, 1125, 950, 798, 598, 181, 807, 0, 0, 0, 0, 0, 0]",0.988268817204301,"[0.9800000000000001, 0.9800000000000001, 0.9755, 0.9755, 0.9800000000000001, 0.9800000000000001, 0.9800000000000001, 0.9755, 0.9755, 0.9800000000000001, 0.9800000000000001, 0.9800000000000001, 0.9755, 0.9755, 0.9800000000000001, 0.986, 0.986, 0.986, 0.986, 0.986, 0.986, 0.991, 0.991, 0.991, 0.991, 0.991, 0.991, 0.991, 0.991, 0.991, 0.991, 0.9905, 0.9905, 0.9905, 0.9905, 0.991, 0.991, 0.991, 0.991, 0.991, 0.991, 0.991, 0.991, 0.991, 0.991, 0.991, 0.991, 0.991, 0.991, 0.991, 0.991, 0.991, 0.991, 0.991, 0.991, 0.991, 0.991, 0.991, 0.991, 0.991, 0.991, 0.991, 0.991, 0.986, 0.986, 0.986, 0.986, 0.986, 0.986, 0.991, 0.991, 0.991, 0.991, 0.991, 0.991, 0.991, 0.991, 0.991, 0.991, 0.991, 0.991, 0.991, 0.991, 0.991, 0.991, 0.991, 0.991, 0.991, 0.991, 0.991, 0.991, 0.991, 0.991]","[[0], [1], (0, 1), [0], [1], (0, 1), [0], [1], (0, 1), [0], [1], [2], [3], (2, 3), [2], [3], (2, 3), [2], [3], (2, 3), [2], [3], (1, 2), [1], [2], (1, 2), [1], [2], (1, 2), [1], [2], [1], [4], [5], (4, 5), [4], [5], (4, 5), [4], [5], (4, 5), [4], [5], [6], [7], (6, 7), [6], [7], (6, 7), [6], [7], (6, 7), [6], [7], (5, 6), [5], [6], (5, 6), [5], [6], (5, 6), [5], [6], [5], (6, 7), [6], [7], (6, 7), [6], [7], (6, 7), [6], [7], [8], [9], (8, 9), [8], [9], (8, 9), [8], [9], (8, 9), [8], [9], (3, 7), [3], [7], (3, 7), [3], [7], (3, 7), [3], [7], [9], (8, 9), [8], [9], (8, 9), [8], [9], (8, 9), [8], [9], (6, 9), [6], [9], (6, 9), [6], [9], (6, 9), [6], [9], [6], (6, 7), [6], [7], (6, 7), [6], [7], (6, 7), [6], [7], (6, 9), [6], [9], (6, 9), [6], [9], (6, 9), [6], [9], (4, 9), [4], [9], (4, 9), [4], [9], (4, 9), [4], [9], [9], [0], (0, 1), [0], [1], (0, 1), [0], [1], (0, 1), [0], [1], [2], [2], (1, 2), [1], [2], (1, 2), [1], [2], (1, 2), [1], [2], [3], [4], (0, 4), [0], [4], (0, 4), [0], [4], (0, 4), [0], [4], (0, 1), [0], [1], (0, 1), [0], [1], (0, 1), [0], [1], (1, 2), [1], [2], (1, 2), [1], [2], (1, 2), [1], [2], [3], (2, 3), [2], [3], (2, 3), [2], [3], (2, 3), [2], [3], (1, 2), [1], [2], (1, 2), [1], [2], (1, 2), [1], [2], [1], [6], (6, 7), [6], [7], (6, 7), [6], [7], (6, 7), [6], [7], (3, 7), [3], [7], (3, 7), [3], [7], (3, 7), [3], [7], [3], [0], [2], (1, 2), [1], [2], (1, 2), [1], [2], (1, 2), [1], [2], (6, 7), [6], [7], (6, 7), [6], [7], (6, 7), [6], [7], [0], (0, 1), [0], [1], (0, 1), [0], [1], (0, 1), [0], [1], (1, 5), [1], [5], (1, 5), [1], [5], (1, 5), [1], [5], (5, 6), [5], [6], (5, 6), [5], [6], (5, 6), [5], [6], [5], [0], (6, 9), [6], [9], (6, 9), [6], [9], (6, 9), [6], [9], (4, 9), [4], [9], (4, 9), [4], [9], (4, 9), [4], [9], [0], (0, 4), [0], [4], (0, 4), [0], [4], (0, 4), [0], [4], [4], [0]]","['sg', 'sg', 'syc', 'sg', 'sg', 'syc', 'sg', 'sg', 'syc', 'sg', 'sg', 'sg', 'sg', 'syc', 'sg', 'sg', 'syc', 'sg', 'sg', 'syc', 'sg', 'sg', 'syc', 'sg', 'sg', 'syc', 'sg', 'sg', 'syc', 'sg', 'sg', 'm0', 'sg', 'sg', 'syc', 'sg', 'sg', 'syc', 'sg', 'sg', 'syc', 'sg', 'sg', 'sg', 'sg', 'syc', 'sg', 'sg', 'syc', 'sg', 'sg', 'syc', 'sg', 'sg', 'syc', 'sg', 'sg', 'syc', 'sg', 'sg', 'syc', 'sg', 'sg', 'm2', 'syc', 'sg', 'sg', 'syc', 'sg', 'sg', 'syc', 'sg', 'sg', 'sg', 'sg', 'syc', 'sg', 'sg', 'syc', 'sg', 'sg', 'syc', 'sg', 'sg', 'syc', 'sg', 'sg', 'syc', 'sg', 'sg', 'syc', 'sg', 'sg', 'm4', 'syc', 'sg', 'sg', 'syc', 'sg', 'sg', 'syc', 'sg', 'sg', 'syc', 'sg', 'sg', 'syc', 'sg', 'sg', 'syc', 'sg', 'sg', 'm3', 'syc', 'sg', 'sg', 'syc', 'sg', 'sg', 'syc', 'sg', 'sg', 'syc', 'sg', 'sg', 'syc', 'sg', 'sg', 'syc', 'sg', 'sg', 'syc', 'sg', 'sg', 'syc', 'sg', 'sg', 'syc', 'sg', 'sg', 'm1', 'v0', 'syc', 'sg', 'sg', 'syc', 'sg', 'sg', 'syc', 'sg', 'sg', 'v1', 'sg', 'syc', 'sg', 'sg', 'syc', 'sg', 'sg', 'syc', 'sg', 'sg', 'v3', 'v2', 'syc', 'sg', 'sg', 'syc', 'sg', 'sg', 'syc', 'sg', 'sg', 'syc', 'sg', 'sg', 'syc', 'sg', 'sg', 'syc', 'sg', 'sg', 'syc', 'sg', 'sg', 'syc', 'sg', 'sg', 'syc', 'sg', 'sg', 'sg', 'syc', 'sg', 'sg', 'syc', 'sg', 'sg', 'syc', 'sg', 'sg', 'syc', 'sg', 'sg', 'syc', 'sg', 'sg', 'syc', 'sg', 'sg', 'm5', 'v4', 'syc', 'sg', 'sg', 'syc', 'sg', 'sg', 'syc', 'sg', 'sg', 'syc', 'sg', 'sg', 'syc', 'sg', 'sg', 'syc', 'sg', 'sg', 'm6', 'v5', 'v6', 'syc', 'sg', 'sg', 'syc', 'sg', 'sg', 'syc', 'sg', 'sg', 'syc', 'sg', 'sg', 'syc', 'sg', 'sg', 'syc', 'sg', 'sg', 'sg', 'syc', 'sg', 'sg', 'syc', 'sg', 'sg', 'syc', 'sg', 'sg', 'syc', 'sg', 'sg', 'syc', 'sg', 'sg', 'syc', 'sg', 'sg', 'syc', 'sg', 'sg', 'syc', 'sg', 'sg', 'syc', 'sg', 'sg', 'm7', 'v7', 'syc', 'sg', 'sg', 'syc', 'sg', 'sg', 'syc', 'sg', 'sg', 'syc', 'sg', 'sg', 'syc', 'sg', 'sg', 'syc', 'sg', 'sg', 'sg', 'syc', 'sg', 'sg', 'syc', 'sg', 'sg', 'syc', 'sg', 'sg', 'm8', 'v8']"
5,sabre_lookahead,0.1762973690271699,0.29782950610826536,162,69,946,324.6,"[171, 375, 370, 198, 170, 533, 352, 353, 161, 563]","[193, 584, 572, 378, 190, 946, 768, 393, 181, 943, 0, 0, 0, 0, 0, 0]",0.9864782608695651,"[0.9800000000000001, 0.9800000000000001, 0.9755, 0.9755, 0.9800000000000001, 0.9800000000000001, 0.9800000000000001, 0.9755, 0.9755, 0.9800000000000001, 0.9800000000000001, 0.9800000000000001, 0.9755, 0.9755, 0.9800000000000001, 0.986, 0.986, 0.986, 0.986, 0.986, 0.986, 0.991, 0.991, 0.991, 0.991, 0.986, 0.986, 0.986, 0.986, 0.986, 0.986, 0.991, 0.991, 0.991, 0.991, 0.991, 0.986, 0.986, 0.986, 0.986, 0.986, 0.986, 0.991, 0.991, 0.991, 0.991, 0.991, 0.991, 0.991, 0.991, 0.991, 0.986, 0.986, 0.986, 0.986, 0.986, 0.986, 0.991, 0.991, 0.991, 0.991, 0.991, 0.991, 0.991, 0.991, 0.991, 0.991, 0.991, 0.991]","[[0], [1], (0, 1), [0], [1], (0, 1), [0], [1], (0, 1), [0], [1], [2], [3], (2, 3), [2], [3], (2, 3), [2], [3], (2, 3), [2], [3], (1, 2), [1], [2], (1, 2), [1], [2], (1, 2), [1], [2], [1], [4], [5], (4, 5), [4], [5], (4, 5), [4], [5], (4, 5), [4], [5], [6], [7], (6, 7), [6], [7], (6, 7), [6], [7], (6, 7), [6], [7], (5, 6), [5], [6], (5, 6), [5], [6], (5, 6), [5], [6], [5], (4, 5), [4], [5], (4, 5), [4], [5], (4, 5), [4], [5], (5, 6), [5], [6], (5, 6), [5], [6], (5, 6), [5], [6], (6, 7), [6], [7], (6, 7), [6], [7], (6, 7), [6], [7], (3, 7), [3], [7], (3, 7), [3], [7], (3, 7), [3], [7], [3], [8], [9], (8, 9), [8], [9], (8, 9), [8], [9], (8, 9), [8], [9], [9], (8, 9), [8], [9], (8, 9), [8], [9], (8, 9), [8], [9], (6, 9), [6], [9], (6, 9), [6], [9], (6, 9), [6], [9], [6], [0], (0, 1), [0], [1], (0, 1), [0], [1], (0, 1), [0], [1], [2], [2], (1, 2), [1], [2], (1, 2), [1], [2], (1, 2), [1], [2], [5], [7], (6, 7), [6], [7], (6, 7), [6], [7], (6, 7), [6], [7], [5], (5, 6), [5], [6], (5, 6), [5], [6], (5, 6), [5], [6], (2, 6), [2], [6], (2, 6), [2], [6], (2, 6), [2], [6], [2], [9], [9], (5, 9), [5], [9], (5, 9), [5], [9], (5, 9), [5], [9], [5], [1], (1, 5), [1], [5], (1, 5), [1], [5], (1, 5), [1], [5], [6], [6], (5, 6), [5], [6], (5, 6), [5], [6], (5, 6), [5], [6], (6, 9), [6], [9], (6, 9), [6], [9], (6, 9), [6], [9], [6], [5], [5], (5, 9), [5], [9], (5, 9), [5], [9], (5, 9), [5], [9], [9], [5]]","['sg', 'sg', 'syc', 'sg', 'sg', 'syc', 'sg', 'sg', 'syc', 'sg', 'sg', 'sg', 'sg', 'syc', 'sg', 'sg', 'syc', 'sg', 'sg', 'syc', 'sg', 'sg', 'syc', 'sg', 'sg', 'syc', 'sg', 'sg', 'syc', 'sg', 'sg', 'm0', 'sg', 'sg', 'syc', 'sg', 'sg', 'syc', 'sg', 'sg', 'syc', 'sg', 'sg', 'sg', 'sg', 'syc', 'sg', 'sg', 'syc', 'sg', 'sg', 'syc', 'sg', 'sg', 'syc', 'sg', 'sg', 'syc', 'sg', 'sg', 'syc', 'sg', 'sg', 'm2', 'syc', 'sg', 'sg', 'syc', 'sg', 'sg', 'syc', 'sg', 'sg', 'syc', 'sg', 'sg', 'syc', 'sg', 'sg', 'syc', 'sg', 'sg', 'syc', 'sg', 'sg', 'syc', 'sg', 'sg', 'syc', 'sg', 'sg', 'syc', 'sg', 'sg', 'syc', 'sg', 'sg', 'syc', 'sg', 'sg', 'm1', 'sg', 'sg', 'syc', 'sg', 'sg', 'syc', 'sg', 'sg', 'syc', 'sg', 'sg', 'm4', 'syc', 'sg', 'sg', 'syc', 'sg', 'sg', 'syc', 'sg', 'sg', 'syc', 'sg', 'sg', 'syc', 'sg', 'sg', 'syc', 'sg', 'sg', 'm3', 'v0', 'syc', 'sg', 'sg', 'syc', 'sg', 'sg', 'syc', 'sg', 'sg', 'v1', 'sg', 'syc', 'sg', 'sg', 'syc', 'sg', 'sg', 'syc', 'sg', 'sg', 'v3', 'v2', 'syc', 'sg', 'sg', 'syc', 'sg', 'sg', 'syc', 'sg', 'sg', 'sg', 'syc', 'sg', 'sg', 'syc', 'sg', 'sg', 'syc', 'sg', 'sg', 'syc', 'sg', 'sg', 'syc', 'sg', 'sg', 'syc', 'sg', 'sg', 'm5', 'v4', 'sg', 'syc', 'sg', 'sg', 'syc', 'sg', 'sg', 'syc', 'sg', 'sg', 'm6', 'v5', 'syc', 'sg', 'sg', 'syc', 'sg', 'sg', 'syc', 'sg', 'sg', 'v6', 'sg', 'syc', 'sg', 'sg', 'syc', 'sg', 'sg', 'syc', 'sg', 'sg', 'syc', 'sg', 'sg', 'syc', 'sg', 'sg', 'syc', 'sg', 'sg', 'm7', 'v7', 'sg', 'syc', 'sg', 'sg', 'syc', 'sg', 'sg', 'syc', 'sg', 'sg', 'm8', 'v8']"
5,sabre_decay,0.1762973690271699,0.29782950610826536,162,69,946,324.6,"[171, 375, 370, 198, 170, 533, 352, 353, 161, 563]","[193, 584, 572, 378, 190, 946, 768, 393, 181, 943, 0, 0, 0, 0, 0, 0]",0.9864782608695651,"[0.9800000000000001, 0.9800000000000001, 0.9755, 0.9755, 0.9800000000000001, 0.9800000000000001, 0.9800000000000001, 0.9755, 0.9755, 0.9800000000000001, 0.9800000000000001, 0.9800000000000001, 0.9755, 0.9755, 0.9800000000000001, 0.986, 0.986, 0.986, 0.986, 0.986, 0.986, 0.991, 0.991, 0.991, 0.991, 0.986, 0.986, 0.986, 0.986, 0.986, 0.986, 0.991, 0.991, 0.991, 0.991, 0.991, 0.986, 0.986, 0.986, 0.986, 0.986, 0.986, 0.991, 0.991, 0.991, 0.991, 0.991, 0.991, 0.991, 0.991, 0.991, 0.986, 0.986, 0.986, 0.986, 0.986, 0.986, 0.991, 0.991, 0.991, 0.991, 0.991, 0.991, 0.991, 0.991, 0.991, 0.991, 0.991, 0.991]","[[0], [1], (0, 1), [0], [1], (0, 1), [0], [1], (0, 1), [0], [1], [2], [3], (2, 3), [2], [3], (2, 3), [2], [3], (2, 3), [2], [3], (1, 2), [1], [2], (1, 2), [1], [2], (1, 2), [1], [2], [1], [4], [5], (4, 5), [4], [5], (4, 5), [4], [5], (4, 5), [4], [5], [6], [7], (6, 7), [6], [7], (6, 7), [6], [7], (6, 7), [6], [7], (5, 6), [5], [6], (5, 6), [5], [6], (5, 6), [5], [6], [5], (4, 5), [4], [5], (4, 5), [4], [5], (4, 5), [4], [5], (5, 6), [5], [6], (5, 6), [5], [6], (5, 6), [5], [6], (6, 7), [6], [7], (6, 7), [6], [7], (6, 7), [6], [7], (3, 7), [3], [7], (3, 7), [3], [7], (3, 7), [3], [7], [3], [8], [9], (8, 9), [8], [9], (8, 9), [8], [9], (8, 9), [8], [9], [9], (8, 9), [8], [9], (8, 9), [8], [9], (8, 9), [8], [9], (6, 9), [6], [9], (6, 9), [6], [9], (6, 9), [6], [9], [6], [0], (0, 1), [0], [1], (0, 1), [0], [1], (0, 1), [0], [1], [2], [2], (1, 2), [1], [2], (1, 2), [1], [2], (1, 2), [1], [2], [5], [7], (6, 7), [6], [7], (6, 7), [6], [7], (6, 7), [6], [7], [5], (5, 6), [5], [6], (5, 6), [5], [6], (5, 6), [5], [6], (2, 6), [2], [6], (2, 6), [2], [6], (2, 6), [2], [6], [2], [9], [9], (5, 9), [5], [9], (5, 9), [5], [9], (5, 9), [5], [9], [5], [1], (1, 5), [1], [5], (1, 5), [1], [5], (1, 5), [1], [5], [6], [6], (5, 6), [5], [6], (5, 6), [5], [6], (5, 6), [5], [6], (6, 9), [6], [9], (6, 9), [6], [9], (6, 9), [6], [9], [6], [5], [5], (5, 9), [5], [9], (5, 9), [5], [9], (5, 9), [5], [9], [9], [5]]","['sg', 'sg', 'syc', 'sg', 'sg', 'syc', 'sg', 'sg', 'syc', 'sg', 'sg', 'sg', 'sg', 'syc', 'sg', 'sg', 'syc', 'sg', 'sg', 'syc', 'sg', 'sg', 'syc', 'sg', 'sg', 'syc', 'sg', 'sg', 'syc', 'sg', 'sg', 'm0', 'sg', 'sg', 'syc', 'sg', 'sg', 'syc', 'sg', 'sg', 'syc', 'sg', 'sg', 'sg', 'sg', 'syc', 'sg', 'sg', 'syc', 'sg', 'sg', 'syc', 'sg', 'sg', 'syc', 'sg', 'sg', 'syc', 'sg', 'sg', 'syc', 'sg', 'sg', 'm2', 'syc', 'sg', 'sg', 'syc', 'sg', 'sg', 'syc', 'sg', 'sg', 'syc', 'sg', 'sg', 'syc', 'sg', 'sg', 'syc', 'sg', 'sg', 'syc', 'sg', 'sg', 'syc', 'sg', 'sg', 'syc', 'sg', 'sg', 'syc', 'sg', 'sg', 'syc', 'sg', 'sg', 'syc', 'sg', 'sg', 'm1', 'sg', 'sg', 'syc', 'sg', 'sg', 'syc', 'sg', 'sg', 'syc', 'sg', 'sg', 'm4', 'syc', 'sg', 'sg', 'syc', 'sg', 'sg', 'syc', 'sg', 'sg', 'syc', 'sg', 'sg', 'syc', 'sg', 'sg', 'syc', 'sg', 'sg', 'm3', 'v0', 'syc', 'sg', 'sg', 'syc', 'sg', 'sg', 'syc', 'sg', 'sg', 'v1', 'sg', 'syc', 'sg', 'sg', 'syc', 'sg', 'sg', 'syc', 'sg', 'sg', 'v3', 'v2', 'syc', 'sg', 'sg', 'syc', 'sg', 'sg', 'syc', 'sg', 'sg', 'sg', 'syc', 'sg', 'sg', 'syc', 'sg', 'sg', 'syc', 'sg', 'sg', 'syc', 'sg', 'sg', 'syc', 'sg', 'sg', 'syc', 'sg', 'sg', 'm5', 'v4', 'sg', 'syc', 'sg', 'sg', 'syc', 'sg', 'sg', 'syc', 'sg', 'sg', 'm6', 'v5', 'syc', 'sg', 'sg', 'syc', 'sg', 'sg', 'syc', 'sg', 'sg', 'v6', 'sg', 'syc', 'sg', 'sg', 'syc', 'sg', 'sg', 'syc', 'sg', 'sg', 'syc', 'sg', 'sg', 'syc', 'sg', 'sg', 'syc', 'sg', 'sg', 'm7', 'v7', 'sg', 'syc', 'sg', 'sg', 'syc', 'sg', 'sg', 'syc', 'sg', 'sg', 'm8', 'v8']"
