compiler,fidelity,g1,g2,#e,idling time,two qubit gate fidelity,gates,gate_spec,coupling
sabre_basic,0.3488470719120315,151,82,5,"[134, 129, 94, 82, 68, 54, 89, 132]","[0.991, 0.991, 0.991, 0.991, 0.991, 0.991, 0.9905, 0.9905, 0.9905, 0.9905, 0.9905, 0.9905, 0.991, 0.991, 0.991, 0.991, 0.991, 0.991, 0.991, 0.991, 0.991, 0.991, 0.986, 0.986, 0.986, 0.986, 0.991, 0.991, 0.991, 0.991, 0.991, 0.991, 0.991, 0.991, 0.991, 0.991, 0.991, 0.991, 0.991, 0.991, 0.991, 0.991, 0.991, 0.991, 0.991, 0.991, 0.991, 0.991, 0.991, 0.986, 0.986, 0.986, 0.986, 0.986, 0.986, 0.991, 0.991, 0.991, 0.991, 0.991, 0.991, 0.986, 0.981, 0.986, 0.986, 0.981, 0.986, 0.986, 0.986, 0.986, 0.986, 0.986, 0.986, 0.986, 0.986, 0.991, 0.991, 0.991, 0.991, 0.991, 0.991, 0.991]","[(1, 2), [1], [2], (1, 2), [1], [2], (1, 2), [1], [2], (6, 7), [6], [7], (6, 7), [6], [7], (6, 7), [6], [7], (2, 3), [2], [3], (2, 3), [2], [3], (2, 3), [2], [3], (5, 6), [5], [6], (5, 6), [5], [6], (5, 6), [5], [6], (0, 5), [0], [5], (0, 5), (1, 2), [1], [2], (1, 2), [1], [2], (1, 2), [1], [2], (4, 5), [4], [5], (4, 5), [4], [5], (4, 5), [4], [5], (3, 4), [3], [4], (3, 4), (4, 5), [4], [5], (4, 5), (2, 3), [2], [3], (2, 3), [2], [3], (2, 3), [2], [3], (0, 5), [0], [5], (0, 5), [0], [5], (0, 5), [0], [5], (5, 6), [5], [6], (5, 6), [5], [6], (5, 6), [5], [6], (6, 7), [6], [7], (6, 7), (5, 6), [5], [6], (5, 6), [5], [6], (5, 6), [5], [6], (4, 5), [4], [5], (4, 5), [4], [5], (4, 5), [4], [5], (3, 4), [3], [4], (3, 4), (0, 4), [0], [4], (0, 4), [0], [4], (0, 4), [0], [4], [3], (3, 4), [3], [4], (3, 4), [3], [4], (3, 4), [3], [4], (2, 3), [2], [3], (2, 3), [2], [3], (2, 3), [2], [3], (4, 5), [4], [5], (4, 5), [4], [5], (4, 5), [4], [5], (1, 2), [1], [2], (1, 2), [1], [2], (1, 2), [1], [2], (5, 6), [5], [6], (5, 6), [5], [6], (5, 6), [5], [6], (2, 3), [2], [3], (2, 3), (4, 5), [4], [5], (4, 5), [4], [5], (4, 5), [4], [5], [7], (6, 7), [6], [7], (6, 7), [6], [7], (6, 7), [6], [7], (3, 4), [3], [4], (3, 4), [3], [4], (3, 4), [3], [4], (5, 6), [5], [6], (5, 6), [5], [6], (5, 6), [5], [6], (2, 3), [2], [3], (2, 3), [3], (3, 4), [3], [4], (3, 4), [3], [4], (3, 4), [3], [4], (4, 5), [4], [5], (4, 5)]","['syc', 'sg', 'sg', 'syc', 'sg', 'sg', 'syc', 'sg', 'sg', 'syc', 'sg', 'sg', 'syc', 'sg', 'sg', 'syc', 'sg', 'sg', 'syc', 'sg', 'sg', 'syc', 'sg', 'sg', 'syc', 'sg', 'sg', 'syc', 'sg', 'sg', 'syc', 'sg', 'sg', 'syc', 'sg', 'sg', 'syc', 'sg', 'sg', 'syc', 'syc', 'sg', 'sg', 'syc', 'sg', 'sg', 'syc', 'sg', 'sg', 'syc', 'sg', 'sg', 'syc', 'sg', 'sg', 'syc', 'sg', 'sg', 'syc', 'sg', 'sg', 'syc', 'syc', 'sg', 'sg', 'syc', 'syc', 'sg', 'sg', 'syc', 'sg', 'sg', 'syc', 'sg', 'sg', 'syc', 'sg', 'sg', 'syc', 'sg', 'sg', 'syc', 'sg', 'sg', 'syc', 'sg', 'sg', 'syc', 'sg', 'sg', 'syc', 'sg', 'sg', 'syc', 'sg', 'sg', 'syc', 'syc', 'sg', 'sg', 'syc', 'sg', 'sg', 'syc', 'sg', 'sg', 'syc', 'sg', 'sg', 'syc', 'sg', 'sg', 'syc', 'sg', 'sg', 'syc', 'sg', 'sg', 'syc', 'syc', 'sg', 'sg', 'syc', 'sg', 'sg', 'syc', 'sg', 'sg', 'sg', 'syc', 'sg', 'sg', 'syc', 'sg', 'sg', 'syc', 'sg', 'sg', 'syc', 'sg', 'sg', 'syc', 'sg', 'sg', 'syc', 'sg', 'sg', 'syc', 'sg', 'sg', 'syc', 'sg', 'sg', 'syc', 'sg', 'sg', 'syc', 'sg', 'sg', 'syc', 'sg', 'sg', 'syc', 'sg', 'sg', 'syc', 'sg', 'sg', 'syc', 'sg', 'sg', 'syc', 'sg', 'sg', 'syc', 'sg', 'sg', 'syc', 'syc', 'sg', 'sg', 'syc', 'sg', 'sg', 'syc', 'sg', 'sg', 'sg', 'syc', 'sg', 'sg', 'syc', 'sg', 'sg', 'syc', 'sg', 'sg', 'syc', 'sg', 'sg', 'syc', 'sg', 'sg', 'syc', 'sg', 'sg', 'syc', 'sg', 'sg', 'syc', 'sg', 'sg', 'syc', 'sg', 'sg', 'syc', 'sg', 'sg', 'syc', 'sg', 'syc', 'sg', 'sg', 'syc', 'sg', 'sg', 'syc', 'sg', 'sg', 'syc', 'sg', 'sg', 'syc']",
sabre_lookahead,0.39228711521025206,126,75,5,"[135, 140, 91, 70, 79, 70, 97, 140]","[0.9905, 0.9905, 0.9905, 0.9905, 0.9905, 0.9905, 0.986, 0.986, 0.986, 0.986, 0.986, 0.986, 0.991, 0.991, 0.991, 0.991, 0.991, 0.991, 0.991, 0.991, 0.991, 0.991, 0.991, 0.991, 0.991, 0.991, 0.991, 0.991, 0.991, 0.991, 0.986, 0.986, 0.986, 0.986, 0.986, 0.986, 0.991, 0.991, 0.991, 0.991, 0.991, 0.991, 0.991, 0.991, 0.991, 0.991, 0.986, 0.986, 0.986, 0.986, 0.991, 0.991, 0.991, 0.986, 0.986, 0.986, 0.986, 0.991, 0.991, 0.991, 0.991, 0.991, 0.991, 0.991, 0.991, 0.991, 0.991, 0.991, 0.991, 0.991, 0.991, 0.991, 0.991, 0.991, 0.991]","[(2, 3), [2], [3], (2, 3), [2], [3], (2, 3), [2], [3], (0, 5), [0], [5], (0, 5), [0], [5], (0, 5), [0], [5], (5, 6), [5], [6], (5, 6), [5], [6], (5, 6), [5], [6], (3, 4), [3], [4], (3, 4), [3], [4], (3, 4), [3], [4], (6, 7), [6], [7], (6, 7), (5, 6), [5], [6], (5, 6), (4, 5), [4], [5], (4, 5), [4], [5], (4, 5), [4], [5], (5, 6), [5], [6], (5, 6), (6, 7), [6], [7], (6, 7), [6], [7], (6, 7), [6], [7], (5, 6), [5], [6], (5, 6), [5], [6], (5, 6), [5], [6], (4, 5), [4], [5], (4, 5), [4], [5], (4, 5), [4], [5], (3, 4), [3], [4], (3, 4), [3], [4], (3, 4), [3], [4], (5, 6), [5], [6], (5, 6), [5], [6], (5, 6), [5], [6], (2, 3), [2], [3], (2, 3), [2], [3], (2, 3), [2], [3], (1, 2), [1], [2], (1, 2), (2, 3), [2], [3], (2, 3), [2], [3], (2, 3), [2], [3], (3, 4), [3], [4], (3, 4), (2, 3), [2], [3], (2, 3), [2], [3], (2, 3), [2], [3], (4, 5), [4], [5], (4, 5), (1, 2), [1], [2], (1, 2), [1], [2], (1, 2), [1], [2], (3, 4), [3], [4], (3, 4), (5, 6), [5], [6], (5, 6), (2, 3), [2], [3], (2, 3), (0, 4), [0], [4], (0, 4), [0], [4], (0, 4), [0], [4], (3, 4), [3], [4], (3, 4), (2, 3), [2], [3], (2, 3), [2], [3], (2, 3), [2], [3], (3, 4), [3], [4], (3, 4), (4, 5), [4], [5], (4, 5), [4], [5], (4, 5), [4], [5], (5, 6), [5], [6], (5, 6)]","['syc', 'sg', 'sg', 'syc', 'sg', 'sg', 'syc', 'sg', 'sg', 'syc', 'sg', 'sg', 'syc', 'sg', 'sg', 'syc', 'sg', 'sg', 'syc', 'sg', 'sg', 'syc', 'sg', 'sg', 'syc', 'sg', 'sg', 'syc', 'sg', 'sg', 'syc', 'sg', 'sg', 'syc', 'sg', 'sg', 'syc', 'sg', 'sg', 'syc', 'syc', 'sg', 'sg', 'syc', 'syc', 'sg', 'sg', 'syc', 'sg', 'sg', 'syc', 'sg', 'sg', 'syc', 'sg', 'sg', 'syc', 'syc', 'sg', 'sg', 'syc', 'sg', 'sg', 'syc', 'sg', 'sg', 'syc', 'sg', 'sg', 'syc', 'sg', 'sg', 'syc', 'sg', 'sg', 'syc', 'sg', 'sg', 'syc', 'sg', 'sg', 'syc', 'sg', 'sg', 'syc', 'sg', 'sg', 'syc', 'sg', 'sg', 'syc', 'sg', 'sg', 'syc', 'sg', 'sg', 'syc', 'sg', 'sg', 'syc', 'sg', 'sg', 'syc', 'sg', 'sg', 'syc', 'sg', 'sg', 'syc', 'sg', 'sg', 'syc', 'sg', 'sg', 'syc', 'syc', 'sg', 'sg', 'syc', 'sg', 'sg', 'syc', 'sg', 'sg', 'syc', 'sg', 'sg', 'syc', 'syc', 'sg', 'sg', 'syc', 'sg', 'sg', 'syc', 'sg', 'sg', 'syc', 'sg', 'sg', 'syc', 'syc', 'sg', 'sg', 'syc', 'sg', 'sg', 'syc', 'sg', 'sg', 'syc', 'sg', 'sg', 'syc', 'syc', 'sg', 'sg', 'syc', 'syc', 'sg', 'sg', 'syc', 'syc', 'sg', 'sg', 'syc', 'sg', 'sg', 'syc', 'sg', 'sg', 'syc', 'sg', 'sg', 'syc', 'syc', 'sg', 'sg', 'syc', 'sg', 'sg', 'syc', 'sg', 'sg', 'syc', 'sg', 'sg', 'syc', 'syc', 'sg', 'sg', 'syc', 'sg', 'sg', 'syc', 'sg', 'sg', 'syc', 'sg', 'sg', 'syc']",
sabre_decay,0.3606623293662207,134,77,5,"[127, 127, 78, 57, 66, 62, 89, 132]","[0.9905, 0.9905, 0.9905, 0.9905, 0.9905, 0.9905, 0.986, 0.981, 0.986, 0.986, 0.981, 0.986, 0.986, 0.981, 0.986, 0.991, 0.991, 0.991, 0.991, 0.991, 0.991, 0.991, 0.991, 0.991, 0.991, 0.991, 0.991, 0.991, 0.991, 0.991, 0.991, 0.991, 0.991, 0.991, 0.991, 0.991, 0.986, 0.986, 0.986, 0.986, 0.986, 0.986, 0.991, 0.991, 0.991, 0.986, 0.986, 0.986, 0.986, 0.986, 0.986, 0.986, 0.986, 0.986, 0.986, 0.991, 0.991, 0.991, 0.991, 0.991, 0.986, 0.986, 0.986, 0.986, 0.991, 0.991, 0.991, 0.991, 0.991, 0.991, 0.991, 0.991, 0.991, 0.991, 0.991, 0.991, 0.991]","[(2, 3), [2], [3], (2, 3), [2], [3], (2, 3), [2], [3], (0, 5), [0], [5], (0, 5), [0], [5], (0, 5), [0], [5], (1, 2), [1], [2], (1, 2), [1], [2], (1, 2), [1], [2], (3, 4), [3], [4], (3, 4), [3], [4], (3, 4), [3], [4], (5, 6), [5], [6], (5, 6), [5], [6], (5, 6), [5], [6], (6, 7), [6], [7], (6, 7), (2, 3), [2], [3], (2, 3), [2], [3], (2, 3), [2], [3], (5, 6), [5], [6], (5, 6), (4, 5), [4], [5], (4, 5), [4], [5], (4, 5), [4], [5], (5, 6), [5], [6], (5, 6), (6, 7), [6], [7], (6, 7), [6], [7], (6, 7), [6], [7], (5, 6), [5], [6], (5, 6), [5], [6], (5, 6), [5], [6], (4, 5), [4], [5], (4, 5), [4], [5], (4, 5), [4], [5], (3, 4), [3], [4], (3, 4), [3], [4], (3, 4), [3], [4], (5, 6), [5], [6], (5, 6), [5], [6], (5, 6), [5], [6], (2, 3), [2], [3], (2, 3), [2], [3], (2, 3), [2], [3], (1, 2), [1], [2], (1, 2), [1], [2], (1, 2), [1], [2], (3, 4), [3], [4], (3, 4), [3], [4], (3, 4), [3], [4], (2, 3), [2], [3], (2, 3), [2], [3], (2, 3), [2], [3], (4, 5), [4], [5], (4, 5), (3, 4), [3], [4], (3, 4), (5, 6), [5], [6], (5, 6), (2, 3), [2], [3], (2, 3), (0, 4), [0], [4], (0, 4), [0], [4], (0, 4), [0], [4], (3, 4), [3], [4], (3, 4), (2, 3), [2], [3], (2, 3), [2], [3], (2, 3), [2], [3], (3, 4), [3], [4], (3, 4), (4, 5), [4], [5], (4, 5), [4], [5], (4, 5), [4], [5], (5, 6), [5], [6], (5, 6)]","['syc', 'sg', 'sg', 'syc', 'sg', 'sg', 'syc', 'sg', 'sg', 'syc', 'sg', 'sg', 'syc', 'sg', 'sg', 'syc', 'sg', 'sg', 'syc', 'sg', 'sg', 'syc', 'sg', 'sg', 'syc', 'sg', 'sg', 'syc', 'sg', 'sg', 'syc', 'sg', 'sg', 'syc', 'sg', 'sg', 'syc', 'sg', 'sg', 'syc', 'sg', 'sg', 'syc', 'sg', 'sg', 'syc', 'sg', 'sg', 'syc', 'syc', 'sg', 'sg', 'syc', 'sg', 'sg', 'syc', 'sg', 'sg', 'syc', 'sg', 'sg', 'syc', 'syc', 'sg', 'sg', 'syc', 'sg', 'sg', 'syc', 'sg', 'sg', 'syc', 'sg', 'sg', 'syc', 'syc', 'sg', 'sg', 'syc', 'sg', 'sg', 'syc', 'sg', 'sg', 'syc', 'sg', 'sg', 'syc', 'sg', 'sg', 'syc', 'sg', 'sg', 'syc', 'sg', 'sg', 'syc', 'sg', 'sg', 'syc', 'sg', 'sg', 'syc', 'sg', 'sg', 'syc', 'sg', 'sg', 'syc', 'sg', 'sg', 'syc', 'sg', 'sg', 'syc', 'sg', 'sg', 'syc', 'sg', 'sg', 'syc', 'sg', 'sg', 'syc', 'sg', 'sg', 'syc', 'sg', 'sg', 'syc', 'sg', 'sg', 'syc', 'sg', 'sg', 'syc', 'sg', 'sg', 'syc', 'sg', 'sg', 'syc', 'sg', 'sg', 'syc', 'sg', 'sg', 'syc', 'sg', 'sg', 'syc', 'sg', 'sg', 'syc', 'sg', 'sg', 'syc', 'sg', 'sg', 'syc', 'syc', 'sg', 'sg', 'syc', 'syc', 'sg', 'sg', 'syc', 'syc', 'sg', 'sg', 'syc', 'syc', 'sg', 'sg', 'syc', 'sg', 'sg', 'syc', 'sg', 'sg', 'syc', 'sg', 'sg', 'syc', 'syc', 'sg', 'sg', 'syc', 'sg', 'sg', 'syc', 'sg', 'sg', 'syc', 'sg', 'sg', 'syc', 'syc', 'sg', 'sg', 'syc', 'sg', 'sg', 'syc', 'sg', 'sg', 'syc', 'sg', 'sg', 'syc']",
sabre_basic,0.3782881432978675,138,78,4,"[122, 108, 63, 65, 58, 51, 68, 113]","[0.991, 0.991, 0.991, 0.991, 0.991, 0.991, 0.9905, 0.9905, 0.9905, 0.9905, 0.9905, 0.9905, 0.9905, 0.9905, 0.9905, 0.9905, 0.9905, 0.9905, 0.991, 0.991, 0.991, 0.991, 0.986, 0.986, 0.986, 0.986, 0.991, 0.991, 0.991, 0.991, 0.991, 0.991, 0.991, 0.986, 0.986, 0.986, 0.986, 0.986, 0.986, 0.991, 0.991, 0.991, 0.991, 0.991, 0.991, 0.991, 0.986, 0.986, 0.986, 0.986, 0.991, 0.991, 0.991, 0.986, 0.986, 0.991, 0.986, 0.986, 0.991, 0.986, 0.986, 0.991, 0.991, 0.991, 0.991, 0.991, 0.991, 0.991, 0.991, 0.991, 0.991, 0.991, 0.991, 0.991, 0.991, 0.991, 0.991, 0.991]","[(1, 2), [1], [2], (1, 2), [1], [2], (1, 2), [1], [2], (6, 7), [6], [7], (6, 7), [6], [7], (6, 7), [6], [7], (2, 3), [2], [3], (2, 3), [2], [3], (2, 3), [2], [3], (5, 6), [5], [6], (5, 6), [5], [6], (5, 6), [5], [6], (4, 5), [4], [5], (4, 5), [4], [5], (4, 5), [4], [5], (1, 2), [1], [2], (1, 2), [1], [2], (1, 2), [1], [2], (0, 4), [0], [4], (0, 4), (3, 4), [3], [4], (3, 4), (4, 5), [4], [5], (4, 5), (2, 3), [2], [3], (2, 3), [2], [3], (2, 3), [2], [3], (0, 4), [0], [4], (0, 4), [0], [4], (0, 4), [0], [4], (4, 5), [4], [5], (4, 5), [4], [5], (4, 5), [4], [5], (5, 6), [5], [6], (5, 6), [5], [6], (5, 6), [5], [6], (3, 4), [3], [4], (3, 4), [3], [4], (3, 4), [3], [4], (6, 7), [6], [7], (6, 7), (5, 6), [5], [6], (5, 6), [5], [6], (5, 6), [5], [6], (4, 5), [4], [5], (4, 5), (3, 4), [3], [4], (3, 4), (5, 6), [5], [6], (5, 6), [5], [6], (5, 6), [5], [6], (2, 3), [2], [3], (2, 3), [2], [3], (2, 3), [2], [3], (4, 5), [4], [5], (4, 5), [4], [5], (4, 5), [4], [5], (6, 7), [6], [7], (6, 7), [6], [7], (6, 7), [6], [7], (1, 2), [1], [2], (1, 2), [1], [2], (1, 2), [1], [2], (5, 6), [5], [6], (5, 6), [5], [6], (5, 6), [5], [6], (2, 3), [2], [3], (2, 3), [2], [3], (2, 3), [2], [3], (3, 4), [3], [4], (3, 4), (2, 3), [2], [3], (2, 3), [2], [3], (2, 3), [2], [3], (3, 4), [3], [4], (3, 4), (4, 5), [4], [5], (4, 5)]","['syc', 'sg', 'sg', 'syc', 'sg', 'sg', 'syc', 'sg', 'sg', 'syc', 'sg', 'sg', 'syc', 'sg', 'sg', 'syc', 'sg', 'sg', 'syc', 'sg', 'sg', 'syc', 'sg', 'sg', 'syc', 'sg', 'sg', 'syc', 'sg', 'sg', 'syc', 'sg', 'sg', 'syc', 'sg', 'sg', 'syc', 'sg', 'sg', 'syc', 'sg', 'sg', 'syc', 'sg', 'sg', 'syc', 'sg', 'sg', 'syc', 'sg', 'sg', 'syc', 'sg', 'sg', 'syc', 'sg', 'sg', 'syc', 'syc', 'sg', 'sg', 'syc', 'syc', 'sg', 'sg', 'syc', 'syc', 'sg', 'sg', 'syc', 'sg', 'sg', 'syc', 'sg', 'sg', 'syc', 'sg', 'sg', 'syc', 'sg', 'sg', 'syc', 'sg', 'sg', 'syc', 'sg', 'sg', 'syc', 'sg', 'sg', 'syc', 'sg', 'sg', 'syc', 'sg', 'sg', 'syc', 'sg', 'sg', 'syc', 'sg', 'sg', 'syc', 'sg', 'sg', 'syc', 'sg', 'sg', 'syc', 'sg', 'sg', 'syc', 'sg', 'sg', 'syc', 'syc', 'sg', 'sg', 'syc', 'sg', 'sg', 'syc', 'sg', 'sg', 'syc', 'sg', 'sg', 'syc', 'syc', 'sg', 'sg', 'syc', 'syc', 'sg', 'sg', 'syc', 'sg', 'sg', 'syc', 'sg', 'sg', 'syc', 'sg', 'sg', 'syc', 'sg', 'sg', 'syc', 'sg', 'sg', 'syc', 'sg', 'sg', 'syc', 'sg', 'sg', 'syc', 'sg', 'sg', 'syc', 'sg', 'sg', 'syc', 'sg', 'sg', 'syc', 'sg', 'sg', 'syc', 'sg', 'sg', 'syc', 'sg', 'sg', 'syc', 'sg', 'sg', 'syc', 'sg', 'sg', 'syc', 'sg', 'sg', 'syc', 'sg', 'sg', 'syc', 'sg', 'sg', 'syc', 'sg', 'sg', 'syc', 'sg', 'sg', 'syc', 'sg', 'sg', 'syc', 'syc', 'sg', 'sg', 'syc', 'sg', 'sg', 'syc', 'sg', 'sg', 'syc', 'sg', 'sg', 'syc', 'syc', 'sg', 'sg', 'syc']",
sabre_lookahead,0.35640532255752927,136,77,4,"[131, 143, 121, 94, 42, 70, 92, 129]","[0.991, 0.991, 0.991, 0.991, 0.991, 0.991, 0.986, 0.986, 0.986, 0.986, 0.986, 0.986, 0.991, 0.991, 0.991, 0.991, 0.991, 0.986, 0.986, 0.986, 0.986, 0.986, 0.986, 0.986, 0.981, 0.986, 0.986, 0.981, 0.986, 0.986, 0.986, 0.986, 0.986, 0.986, 0.986, 0.991, 0.991, 0.991, 0.991, 0.991, 0.991, 0.991, 0.991, 0.991, 0.991, 0.991, 0.986, 0.986, 0.986, 0.986, 0.991, 0.991, 0.991, 0.991, 0.986, 0.986, 0.986, 0.986, 0.991, 0.991, 0.991, 0.991, 0.991, 0.991, 0.991, 0.991, 0.991, 0.991, 0.991, 0.991, 0.991, 0.991, 0.991, 0.991, 0.991, 0.991, 0.991]","[(6, 7), [6], [7], (6, 7), [6], [7], (6, 7), [6], [7], (5, 6), [5], [6], (5, 6), [5], [6], (5, 6), [5], [6], (4, 5), [4], [5], (4, 5), [4], [5], (4, 5), [4], [5], (6, 7), [6], [7], (6, 7), [6], [7], (6, 7), [6], [7], (0, 4), [0], [4], (0, 4), (3, 4), [3], [4], (3, 4), [3], [4], (3, 4), [3], [4], (2, 3), [2], [3], (2, 3), [2], [3], (2, 3), [2], [3], (4, 5), [4], [5], (4, 5), [4], [5], (4, 5), [4], [5], (3, 4), [3], [4], (3, 4), [3], [4], (3, 4), [3], [4], (1, 2), [1], [2], (1, 2), (5, 6), [5], [6], (5, 6), [5], [6], (5, 6), [5], [6], (2, 3), [2], [3], (2, 3), (0, 4), [0], [4], (0, 4), [0], [4], (0, 4), [0], [4], (4, 5), [4], [5], (4, 5), (1, 2), [1], [2], (1, 2), [1], [2], (1, 2), [1], [2], (0, 4), [0], [4], (0, 4), (3, 4), [3], [4], (3, 4), [3], [4], (3, 4), [3], [4], (0, 4), [0], [4], (0, 4), (2, 3), [2], [3], (2, 3), [2], [3], (2, 3), [2], [3], (4, 5), [4], [5], (4, 5), [4], [5], (4, 5), [4], [5], (0, 4), [0], [4], (0, 4), (5, 6), [5], [6], (5, 6), (3, 4), [3], [4], (3, 4), [3], [4], (3, 4), [3], [4], (4, 5), [4], [5], (4, 5), [4], [5], (4, 5), [4], [5], (5, 6), [5], [6], (5, 6), [6], (6, 7), [6], [7], (6, 7), [6], [7], (6, 7), [6], [7], [5], (5, 6), [5], [6], (5, 6), [5], [6], (5, 6), [5], [6], (4, 5), [4], [5], (4, 5), [4], [5], (4, 5), [4], [5], (3, 4), [3], [4], (3, 4)]","['syc', 'sg', 'sg', 'syc', 'sg', 'sg', 'syc', 'sg', 'sg', 'syc', 'sg', 'sg', 'syc', 'sg', 'sg', 'syc', 'sg', 'sg', 'syc', 'sg', 'sg', 'syc', 'sg', 'sg', 'syc', 'sg', 'sg', 'syc', 'sg', 'sg', 'syc', 'sg', 'sg', 'syc', 'sg', 'sg', 'syc', 'sg', 'sg', 'syc', 'syc', 'sg', 'sg', 'syc', 'sg', 'sg', 'syc', 'sg', 'sg', 'syc', 'sg', 'sg', 'syc', 'sg', 'sg', 'syc', 'sg', 'sg', 'syc', 'sg', 'sg', 'syc', 'sg', 'sg', 'syc', 'sg', 'sg', 'syc', 'sg', 'sg', 'syc', 'sg', 'sg', 'syc', 'sg', 'sg', 'syc', 'sg', 'sg', 'syc', 'syc', 'sg', 'sg', 'syc', 'sg', 'sg', 'syc', 'sg', 'sg', 'syc', 'sg', 'sg', 'syc', 'syc', 'sg', 'sg', 'syc', 'sg', 'sg', 'syc', 'sg', 'sg', 'syc', 'sg', 'sg', 'syc', 'syc', 'sg', 'sg', 'syc', 'sg', 'sg', 'syc', 'sg', 'sg', 'syc', 'sg', 'sg', 'syc', 'syc', 'sg', 'sg', 'syc', 'sg', 'sg', 'syc', 'sg', 'sg', 'syc', 'sg', 'sg', 'syc', 'syc', 'sg', 'sg', 'syc', 'sg', 'sg', 'syc', 'sg', 'sg', 'syc', 'sg', 'sg', 'syc', 'sg', 'sg', 'syc', 'sg', 'sg', 'syc', 'sg', 'sg', 'syc', 'syc', 'sg', 'sg', 'syc', 'syc', 'sg', 'sg', 'syc', 'sg', 'sg', 'syc', 'sg', 'sg', 'syc', 'sg', 'sg', 'syc', 'sg', 'sg', 'syc', 'sg', 'sg', 'syc', 'sg', 'sg', 'syc', 'sg', 'syc', 'sg', 'sg', 'syc', 'sg', 'sg', 'syc', 'sg', 'sg', 'sg', 'syc', 'sg', 'sg', 'syc', 'sg', 'sg', 'syc', 'sg', 'sg', 'syc', 'sg', 'sg', 'syc', 'sg', 'sg', 'syc', 'sg', 'sg', 'syc', 'sg', 'sg', 'syc']",
sabre_decay,0.3855049264142125,124,73,4,"[114, 128, 102, 67, 35, 80, 89, 119]","[0.9905, 0.9905, 0.9905, 0.9905, 0.9905, 0.9905, 0.991, 0.991, 0.991, 0.991, 0.991, 0.991, 0.986, 0.986, 0.986, 0.986, 0.986, 0.986, 0.991, 0.991, 0.991, 0.991, 0.991, 0.986, 0.986, 0.986, 0.986, 0.991, 0.991, 0.991, 0.991, 0.986, 0.986, 0.986, 0.986, 0.991, 0.991, 0.991, 0.991, 0.991, 0.991, 0.991, 0.991, 0.991, 0.986, 0.986, 0.986, 0.986, 0.986, 0.986, 0.991, 0.991, 0.986, 0.986, 0.986, 0.986, 0.986, 0.986, 0.986, 0.986, 0.991, 0.991, 0.991, 0.991, 0.991, 0.991, 0.991, 0.991, 0.991, 0.991, 0.991, 0.991, 0.991]","[(6, 7), [6], [7], (6, 7), [6], [7], (6, 7), [6], [7], (0, 4), [0], [4], (0, 4), [0], [4], (0, 4), [0], [4], (5, 6), [5], [6], (5, 6), [5], [6], (5, 6), [5], [6], (4, 5), [4], [5], (4, 5), [4], [5], (4, 5), [4], [5], (3, 4), [3], [4], (3, 4), [3], [4], (3, 4), [3], [4], (5, 6), [5], [6], (5, 6), [5], [6], (5, 6), [5], [6], (2, 3), [2], [3], (2, 3), [2], [3], (2, 3), [2], [3], (6, 7), [6], [7], (6, 7), (3, 4), [3], [4], (3, 4), [3], [4], (3, 4), [3], [4], (1, 2), [1], [2], (1, 2), (4, 5), [4], [5], (4, 5), [4], [5], (4, 5), [4], [5], (0, 4), [0], [4], (0, 4), [0], [4], (0, 4), [0], [4], (5, 6), [5], [6], (5, 6), (3, 4), [3], [4], (3, 4), [3], [4], (3, 4), [3], [4], (6, 7), [6], [7], (6, 7), [6], [7], (6, 7), [6], [7], (2, 3), [2], [3], (2, 3), (3, 4), [3], [4], (3, 4), [3], [4], (3, 4), [3], [4], (1, 2), [1], [2], (1, 2), [1], [2], (1, 2), [1], [2], (4, 5), [4], [5], (4, 5), (3, 4), [3], [4], (3, 4), (5, 6), [5], [6], (5, 6), (2, 3), [2], [3], (2, 3), (0, 4), [0], [4], (0, 4), [0], [4], (0, 4), [0], [4], (3, 4), [3], [4], (3, 4), (2, 3), [2], [3], (2, 3), [2], [3], (2, 3), [2], [3], (3, 4), [3], [4], (3, 4), (4, 5), [4], [5], (4, 5), [4], [5], (4, 5), [4], [5], (5, 6), [5], [6], (5, 6)]","['syc', 'sg', 'sg', 'syc', 'sg', 'sg', 'syc', 'sg', 'sg', 'syc', 'sg', 'sg', 'syc', 'sg', 'sg', 'syc', 'sg', 'sg', 'syc', 'sg', 'sg', 'syc', 'sg', 'sg', 'syc', 'sg', 'sg', 'syc', 'sg', 'sg', 'syc', 'sg', 'sg', 'syc', 'sg', 'sg', 'syc', 'sg', 'sg', 'syc', 'sg', 'sg', 'syc', 'sg', 'sg', 'syc', 'sg', 'sg', 'syc', 'sg', 'sg', 'syc', 'sg', 'sg', 'syc', 'sg', 'sg', 'syc', 'sg', 'sg', 'syc', 'sg', 'sg', 'syc', 'sg', 'sg', 'syc', 'syc', 'sg', 'sg', 'syc', 'sg', 'sg', 'syc', 'sg', 'sg', 'syc', 'sg', 'sg', 'syc', 'syc', 'sg', 'sg', 'syc', 'sg', 'sg', 'syc', 'sg', 'sg', 'syc', 'sg', 'sg', 'syc', 'sg', 'sg', 'syc', 'sg', 'sg', 'syc', 'sg', 'sg', 'syc', 'syc', 'sg', 'sg', 'syc', 'sg', 'sg', 'syc', 'sg', 'sg', 'syc', 'sg', 'sg', 'syc', 'sg', 'sg', 'syc', 'sg', 'sg', 'syc', 'sg', 'sg', 'syc', 'syc', 'sg', 'sg', 'syc', 'sg', 'sg', 'syc', 'sg', 'sg', 'syc', 'sg', 'sg', 'syc', 'sg', 'sg', 'syc', 'sg', 'sg', 'syc', 'sg', 'sg', 'syc', 'syc', 'sg', 'sg', 'syc', 'syc', 'sg', 'sg', 'syc', 'syc', 'sg', 'sg', 'syc', 'syc', 'sg', 'sg', 'syc', 'sg', 'sg', 'syc', 'sg', 'sg', 'syc', 'sg', 'sg', 'syc', 'syc', 'sg', 'sg', 'syc', 'sg', 'sg', 'syc', 'sg', 'sg', 'syc', 'sg', 'sg', 'syc', 'syc', 'sg', 'sg', 'syc', 'sg', 'sg', 'syc', 'sg', 'sg', 'syc', 'sg', 'sg', 'syc']",
sabre_basic,0.26138767606458707,178,98,7,"[104, 156, 107, 75, 151, 65, 84, 140, 159]","[0.991, 0.991, 0.991, 0.991, 0.991, 0.991, 0.991, 0.991, 0.991, 0.991, 0.991, 0.991, 0.986, 0.986, 0.986, 0.986, 0.986, 0.986, 0.991, 0.991, 0.991, 0.991, 0.986, 0.986, 0.986, 0.986, 0.991, 0.986, 0.986, 0.986, 0.986, 0.986, 0.986, 0.991, 0.991, 0.991, 0.986, 0.986, 0.986, 0.986, 0.986, 0.986, 0.986, 0.981, 0.986, 0.986, 0.981, 0.986, 0.986, 0.986, 0.991, 0.991, 0.991, 0.991, 0.991, 0.991, 0.991, 0.991, 0.991, 0.991, 0.991, 0.991, 0.991, 0.991, 0.991, 0.986, 0.986, 0.986, 0.986, 0.986, 0.986, 0.986, 0.981, 0.986, 0.986, 0.981, 0.986, 0.986, 0.986, 0.991, 0.991, 0.991, 0.991, 0.991, 0.991, 0.991, 0.991, 0.991, 0.991, 0.991, 0.991, 0.991, 0.991, 0.991, 0.991, 0.991, 0.991, 0.991]","[(6, 7), [6], [7], (6, 7), [6], [7], (6, 7), [6], [7], (1, 2), [1], [2], (1, 2), [1], [2], (1, 2), [1], [2], (5, 6), [5], [6], (5, 6), [5], [6], (5, 6), [5], [6], [0], (0, 5), [0], [5], (0, 5), [0], [5], (0, 5), [0], [5], (0, 3), [0], [3], (0, 3), [0], [3], (0, 3), [0], [3], (5, 6), [5], [6], (5, 6), [5], [6], (5, 6), [5], [6], (2, 3), [2], [3], (2, 3), (6, 7), [6], [7], (6, 7), (5, 6), [5], [6], (5, 6), [5], [6], (5, 6), [5], [6], (3, 4), [3], [4], (3, 4), (0, 5), [0], [5], (0, 5), [0], [5], (0, 5), [0], [5], (6, 7), [6], [7], (6, 7), [6], [7], (6, 7), [6], [7], (0, 3), [0], [3], (0, 3), [0], [3], (0, 3), [0], [3], (2, 3), [2], [3], (2, 3), [2], [3], (2, 3), [2], [3], (0, 5), [0], [5], (0, 5), [0], [5], (0, 5), [0], [5], (1, 2), [1], [2], (1, 2), (3, 4), [3], [4], (3, 4), [3], [4], (3, 4), [3], [4], (5, 6), [5], [6], (5, 6), [5], [6], (5, 6), [5], [6], (2, 3), [2], [3], (2, 3), [2], [3], (2, 3), [2], [3], (1, 2), [1], [2], (1, 2), (2, 3), [2], [3], (2, 3), [2], [3], (2, 3), [2], [3], (0, 3), [0], [3], (0, 3), (0, 4), [0], [4], (0, 4), (0, 5), [0], [5], (0, 5), [0], [5], (0, 5), [0], [5], (0, 3), [0], [3], (0, 3), [0], [3], (0, 3), [0], [3], (5, 6), [5], [6], (5, 6), [5], [6], (5, 6), [5], [6], (2, 3), [2], [3], (2, 3), [2], [3], (2, 3), [2], [3], (4, 5), [4], [5], (4, 5), [4], [5], (4, 5), [4], [5], (6, 7), [6], [7], (6, 7), (1, 2), [1], [2], (1, 2), (5, 6), [5], [6], (5, 6), [5], [6], (5, 6), [5], [6], (2, 3), [2], [3], (2, 3), [2], [3], (2, 3), [2], [3], [7], (6, 7), [6], [7], (6, 7), [6], [7], (6, 7), [6], [7], (3, 13), [3], [13], (3, 13), [3], [13], (3, 13), [3], [13], (5, 13), [5], [13], (5, 13), [5], [13], (5, 13), [5], [13], (5, 6), [5], [6], (5, 6)]","['syc', 'sg', 'sg', 'syc', 'sg', 'sg', 'syc', 'sg', 'sg', 'syc', 'sg', 'sg', 'syc', 'sg', 'sg', 'syc', 'sg', 'sg', 'syc', 'sg', 'sg', 'syc', 'sg', 'sg', 'syc', 'sg', 'sg', 'sg', 'syc', 'sg', 'sg', 'syc', 'sg', 'sg', 'syc', 'sg', 'sg', 'syc', 'sg', 'sg', 'syc', 'sg', 'sg', 'syc', 'sg', 'sg', 'syc', 'sg', 'sg', 'syc', 'sg', 'sg', 'syc', 'sg', 'sg', 'syc', 'sg', 'sg', 'syc', 'syc', 'sg', 'sg', 'syc', 'syc', 'sg', 'sg', 'syc', 'sg', 'sg', 'syc', 'sg', 'sg', 'syc', 'sg', 'sg', 'syc', 'syc', 'sg', 'sg', 'syc', 'sg', 'sg', 'syc', 'sg', 'sg', 'syc', 'sg', 'sg', 'syc', 'sg', 'sg', 'syc', 'sg', 'sg', 'syc', 'sg', 'sg', 'syc', 'sg', 'sg', 'syc', 'sg', 'sg', 'syc', 'sg', 'sg', 'syc', 'sg', 'sg', 'syc', 'sg', 'sg', 'syc', 'sg', 'sg', 'syc', 'sg', 'sg', 'syc', 'sg', 'sg', 'syc', 'sg', 'sg', 'syc', 'syc', 'sg', 'sg', 'syc', 'sg', 'sg', 'syc', 'sg', 'sg', 'syc', 'sg', 'sg', 'syc', 'sg', 'sg', 'syc', 'sg', 'sg', 'syc', 'sg', 'sg', 'syc', 'sg', 'sg', 'syc', 'sg', 'sg', 'syc', 'sg', 'sg', 'syc', 'syc', 'sg', 'sg', 'syc', 'sg', 'sg', 'syc', 'sg', 'sg', 'syc', 'sg', 'sg', 'syc', 'syc', 'sg', 'sg', 'syc', 'syc', 'sg', 'sg', 'syc', 'sg', 'sg', 'syc', 'sg', 'sg', 'syc', 'sg', 'sg', 'syc', 'sg', 'sg', 'syc', 'sg', 'sg', 'syc', 'sg', 'sg', 'syc', 'sg', 'sg', 'syc', 'sg', 'sg', 'syc', 'sg', 'sg', 'syc', 'sg', 'sg', 'syc', 'sg', 'sg', 'syc', 'sg', 'sg', 'syc', 'sg', 'sg', 'syc', 'sg', 'sg', 'syc', 'sg', 'sg', 'syc', 'syc', 'sg', 'sg', 'syc', 'syc', 'sg', 'sg', 'syc', 'sg', 'sg', 'syc', 'sg', 'sg', 'syc', 'sg', 'sg', 'syc', 'sg', 'sg', 'syc', 'sg', 'sg', 'sg', 'syc', 'sg', 'sg', 'syc', 'sg', 'sg', 'syc', 'sg', 'sg', 'syc', 'sg', 'sg', 'syc', 'sg', 'sg', 'syc', 'sg', 'sg', 'syc', 'sg', 'sg', 'syc', 'sg', 'sg', 'syc', 'sg', 'sg', 'syc', 'sg', 'sg', 'syc']",
sabre_lookahead,0.3943331515737371,120,72,7,"[91, 140, 91, 70, 141, 70, 97, 140]","[0.986, 0.986, 0.986, 0.986, 0.986, 0.986, 0.986, 0.986, 0.986, 0.986, 0.986, 0.986, 0.991, 0.991, 0.991, 0.991, 0.991, 0.991, 0.991, 0.991, 0.991, 0.991, 0.991, 0.991, 0.991, 0.991, 0.991, 0.991, 0.991, 0.991, 0.986, 0.986, 0.986, 0.986, 0.986, 0.986, 0.991, 0.991, 0.991, 0.991, 0.991, 0.991, 0.991, 0.991, 0.991, 0.991, 0.986, 0.986, 0.986, 0.986, 0.991, 0.991, 0.991, 0.986, 0.986, 0.986, 0.986, 0.991, 0.991, 0.991, 0.991, 0.991, 0.991, 0.991, 0.991, 0.991, 0.991, 0.991, 0.991, 0.991, 0.991, 0.991]","[(0, 5), [0], [5], (0, 5), [0], [5], (0, 5), [0], [5], (2, 3), [2], [3], (2, 3), [2], [3], (2, 3), [2], [3], (5, 6), [5], [6], (5, 6), [5], [6], (5, 6), [5], [6], (0, 3), [0], [3], (0, 3), [0], [3], (0, 3), [0], [3], (6, 7), [6], [7], (6, 7), (5, 6), [5], [6], (5, 6), (0, 5), [0], [5], (0, 5), [0], [5], (0, 5), [0], [5], (5, 6), [5], [6], (5, 6), (6, 7), [6], [7], (6, 7), [6], [7], (6, 7), [6], [7], (5, 6), [5], [6], (5, 6), [5], [6], (5, 6), [5], [6], (0, 5), [0], [5], (0, 5), [0], [5], (0, 5), [0], [5], (0, 3), [0], [3], (0, 3), [0], [3], (0, 3), [0], [3], (5, 6), [5], [6], (5, 6), [5], [6], (5, 6), [5], [6], (2, 3), [2], [3], (2, 3), [2], [3], (2, 3), [2], [3], (1, 2), [1], [2], (1, 2), (2, 3), [2], [3], (2, 3), [2], [3], (2, 3), [2], [3], (3, 4), [3], [4], (3, 4), (2, 3), [2], [3], (2, 3), [2], [3], (2, 3), [2], [3], (4, 5), [4], [5], (4, 5), (1, 2), [1], [2], (1, 2), [1], [2], (1, 2), [1], [2], (3, 4), [3], [4], (3, 4), (5, 6), [5], [6], (5, 6), (2, 3), [2], [3], (2, 3), (0, 3), [0], [3], (0, 3), (2, 3), [2], [3], (2, 3), [2], [3], (2, 3), [2], [3], (0, 3), [0], [3], (0, 3), (0, 5), [0], [5], (0, 5), [0], [5], (0, 5), [0], [5], (5, 6), [5], [6], (5, 6)]","['syc', 'sg', 'sg', 'syc', 'sg', 'sg', 'syc', 'sg', 'sg', 'syc', 'sg', 'sg', 'syc', 'sg', 'sg', 'syc', 'sg', 'sg', 'syc', 'sg', 'sg', 'syc', 'sg', 'sg', 'syc', 'sg', 'sg', 'syc', 'sg', 'sg', 'syc', 'sg', 'sg', 'syc', 'sg', 'sg', 'syc', 'sg', 'sg', 'syc', 'syc', 'sg', 'sg', 'syc', 'syc', 'sg', 'sg', 'syc', 'sg', 'sg', 'syc', 'sg', 'sg', 'syc', 'sg', 'sg', 'syc', 'syc', 'sg', 'sg', 'syc', 'sg', 'sg', 'syc', 'sg', 'sg', 'syc', 'sg', 'sg', 'syc', 'sg', 'sg', 'syc', 'sg', 'sg', 'syc', 'sg', 'sg', 'syc', 'sg', 'sg', 'syc', 'sg', 'sg', 'syc', 'sg', 'sg', 'syc', 'sg', 'sg', 'syc', 'sg', 'sg', 'syc', 'sg', 'sg', 'syc', 'sg', 'sg', 'syc', 'sg', 'sg', 'syc', 'sg', 'sg', 'syc', 'sg', 'sg', 'syc', 'sg', 'sg', 'syc', 'sg', 'sg', 'syc', 'syc', 'sg', 'sg', 'syc', 'sg', 'sg', 'syc', 'sg', 'sg', 'syc', 'sg', 'sg', 'syc', 'syc', 'sg', 'sg', 'syc', 'sg', 'sg', 'syc', 'sg', 'sg', 'syc', 'sg', 'sg', 'syc', 'syc', 'sg', 'sg', 'syc', 'sg', 'sg', 'syc', 'sg', 'sg', 'syc', 'sg', 'sg', 'syc', 'syc', 'sg', 'sg', 'syc', 'syc', 'sg', 'sg', 'syc', 'syc', 'sg', 'sg', 'syc', 'syc', 'sg', 'sg', 'syc', 'sg', 'sg', 'syc', 'sg', 'sg', 'syc', 'sg', 'sg', 'syc', 'syc', 'sg', 'sg', 'syc', 'sg', 'sg', 'syc', 'sg', 'sg', 'syc', 'sg', 'sg', 'syc']",
sabre_decay,0.3759465371311112,126,75,7,"[90, 103, 59, 69, 95, 46, 87, 121]","[0.986, 0.986, 0.986, 0.986, 0.986, 0.986, 0.981, 0.986, 0.986, 0.981, 0.986, 0.986, 0.981, 0.986, 0.986, 0.991, 0.991, 0.991, 0.991, 0.991, 0.991, 0.991, 0.991, 0.991, 0.991, 0.991, 0.991, 0.991, 0.991, 0.991, 0.991, 0.991, 0.991, 0.991, 0.991, 0.991, 0.991, 0.991, 0.991, 0.991, 0.991, 0.986, 0.986, 0.986, 0.986, 0.991, 0.991, 0.991, 0.991, 0.991, 0.991, 0.991, 0.991, 0.991, 0.986, 0.986, 0.986, 0.986, 0.986, 0.986, 0.986, 0.986, 0.991, 0.991, 0.991, 0.991, 0.991, 0.991, 0.991, 0.991, 0.991, 0.991, 0.991, 0.991, 0.991]","[(2, 3), [2], [3], (2, 3), [2], [3], (2, 3), [2], [3], (0, 5), [0], [5], (0, 5), [0], [5], (0, 5), [0], [5], (1, 2), [1], [2], (1, 2), [1], [2], (1, 2), [1], [2], (0, 3), [0], [3], (0, 3), [0], [3], (0, 3), [0], [3], (5, 6), [5], [6], (5, 6), [5], [6], (5, 6), [5], [6], (2, 3), [2], [3], (2, 3), [2], [3], (2, 3), [2], [3], (6, 7), [6], [7], (6, 7), (5, 6), [5], [6], (5, 6), (1, 2), [1], [2], (1, 2), [1], [2], (1, 2), [1], [2], (0, 5), [0], [5], (0, 5), [0], [5], (0, 5), [0], [5], (5, 6), [5], [6], (5, 6), (6, 7), [6], [7], (6, 7), [6], [7], (6, 7), [6], [7], (5, 6), [5], [6], (5, 6), [5], [6], (5, 6), [5], [6], (0, 5), [0], [5], (0, 5), [0], [5], (0, 5), [0], [5], (0, 3), [0], [3], (0, 3), (0, 4), [0], [4], (0, 4), (2, 3), [2], [3], (2, 3), [2], [3], (2, 3), [2], [3], (4, 5), [4], [5], (4, 5), [4], [5], (4, 5), [4], [5], (5, 6), [5], [6], (5, 6), (4, 5), [4], [5], (4, 5), [4], [5], (4, 5), [4], [5], (3, 4), [3], [4], (3, 4), (5, 6), [5], [6], (5, 6), (2, 3), [2], [3], (2, 3), (4, 5), [4], [5], (4, 5), [4], [5], (4, 5), [4], [5], (1, 2), [1], [2], (1, 2), [1], [2], (1, 2), [1], [2], (2, 3), [2], [3], (2, 3), (1, 2), [1], [2], (1, 2), (2, 3), [2], [3], (2, 3), [2], [3], (2, 3), [2], [3], (3, 4), [3], [4], (3, 4)]","['syc', 'sg', 'sg', 'syc', 'sg', 'sg', 'syc', 'sg', 'sg', 'syc', 'sg', 'sg', 'syc', 'sg', 'sg', 'syc', 'sg', 'sg', 'syc', 'sg', 'sg', 'syc', 'sg', 'sg', 'syc', 'sg', 'sg', 'syc', 'sg', 'sg', 'syc', 'sg', 'sg', 'syc', 'sg', 'sg', 'syc', 'sg', 'sg', 'syc', 'sg', 'sg', 'syc', 'sg', 'sg', 'syc', 'sg', 'sg', 'syc', 'sg', 'sg', 'syc', 'sg', 'sg', 'syc', 'sg', 'sg', 'syc', 'syc', 'sg', 'sg', 'syc', 'syc', 'sg', 'sg', 'syc', 'sg', 'sg', 'syc', 'sg', 'sg', 'syc', 'sg', 'sg', 'syc', 'sg', 'sg', 'syc', 'sg', 'sg', 'syc', 'sg', 'sg', 'syc', 'syc', 'sg', 'sg', 'syc', 'sg', 'sg', 'syc', 'sg', 'sg', 'syc', 'sg', 'sg', 'syc', 'sg', 'sg', 'syc', 'sg', 'sg', 'syc', 'sg', 'sg', 'syc', 'sg', 'sg', 'syc', 'sg', 'sg', 'syc', 'sg', 'sg', 'syc', 'syc', 'sg', 'sg', 'syc', 'syc', 'sg', 'sg', 'syc', 'sg', 'sg', 'syc', 'sg', 'sg', 'syc', 'sg', 'sg', 'syc', 'sg', 'sg', 'syc', 'sg', 'sg', 'syc', 'sg', 'sg', 'syc', 'syc', 'sg', 'sg', 'syc', 'sg', 'sg', 'syc', 'sg', 'sg', 'syc', 'sg', 'sg', 'syc', 'syc', 'sg', 'sg', 'syc', 'syc', 'sg', 'sg', 'syc', 'syc', 'sg', 'sg', 'syc', 'sg', 'sg', 'syc', 'sg', 'sg', 'syc', 'sg', 'sg', 'syc', 'sg', 'sg', 'syc', 'sg', 'sg', 'syc', 'sg', 'sg', 'syc', 'syc', 'sg', 'sg', 'syc', 'syc', 'sg', 'sg', 'syc', 'sg', 'sg', 'syc', 'sg', 'sg', 'syc', 'sg', 'sg', 'syc']",
sabre_basic,0.3782881432978675,138,78,3,"[122, 108, 63, 65, 58, 51, 68, 113]","[0.991, 0.991, 0.991, 0.991, 0.991, 0.991, 0.9905, 0.9905, 0.9905, 0.9905, 0.9905, 0.9905, 0.9905, 0.9905, 0.9905, 0.9905, 0.9905, 0.9905, 0.991, 0.991, 0.991, 0.991, 0.986, 0.986, 0.986, 0.986, 0.991, 0.991, 0.991, 0.991, 0.991, 0.991, 0.991, 0.986, 0.986, 0.986, 0.986, 0.986, 0.986, 0.991, 0.991, 0.991, 0.991, 0.991, 0.991, 0.991, 0.986, 0.986, 0.986, 0.986, 0.991, 0.991, 0.991, 0.986, 0.986, 0.991, 0.986, 0.986, 0.991, 0.986, 0.986, 0.991, 0.991, 0.991, 0.991, 0.991, 0.991, 0.991, 0.991, 0.991, 0.991, 0.991, 0.991, 0.991, 0.991, 0.991, 0.991, 0.991]","[(1, 2), [1], [2], (1, 2), [1], [2], (1, 2), [1], [2], (6, 7), [6], [7], (6, 7), [6], [7], (6, 7), [6], [7], (2, 3), [2], [3], (2, 3), [2], [3], (2, 3), [2], [3], (5, 6), [5], [6], (5, 6), [5], [6], (5, 6), [5], [6], (4, 5), [4], [5], (4, 5), [4], [5], (4, 5), [4], [5], (1, 2), [1], [2], (1, 2), [1], [2], (1, 2), [1], [2], (0, 4), [0], [4], (0, 4), (3, 4), [3], [4], (3, 4), (4, 5), [4], [5], (4, 5), (2, 3), [2], [3], (2, 3), [2], [3], (2, 3), [2], [3], (0, 4), [0], [4], (0, 4), [0], [4], (0, 4), [0], [4], (4, 5), [4], [5], (4, 5), [4], [5], (4, 5), [4], [5], (5, 6), [5], [6], (5, 6), [5], [6], (5, 6), [5], [6], (3, 4), [3], [4], (3, 4), [3], [4], (3, 4), [3], [4], (6, 7), [6], [7], (6, 7), (5, 6), [5], [6], (5, 6), [5], [6], (5, 6), [5], [6], (4, 5), [4], [5], (4, 5), (3, 4), [3], [4], (3, 4), (5, 6), [5], [6], (5, 6), [5], [6], (5, 6), [5], [6], (2, 3), [2], [3], (2, 3), [2], [3], (2, 3), [2], [3], (4, 5), [4], [5], (4, 5), [4], [5], (4, 5), [4], [5], (6, 7), [6], [7], (6, 7), [6], [7], (6, 7), [6], [7], (1, 2), [1], [2], (1, 2), [1], [2], (1, 2), [1], [2], (5, 6), [5], [6], (5, 6), [5], [6], (5, 6), [5], [6], (2, 3), [2], [3], (2, 3), [2], [3], (2, 3), [2], [3], (3, 4), [3], [4], (3, 4), (2, 3), [2], [3], (2, 3), [2], [3], (2, 3), [2], [3], (3, 4), [3], [4], (3, 4), (4, 5), [4], [5], (4, 5)]","['syc', 'sg', 'sg', 'syc', 'sg', 'sg', 'syc', 'sg', 'sg', 'syc', 'sg', 'sg', 'syc', 'sg', 'sg', 'syc', 'sg', 'sg', 'syc', 'sg', 'sg', 'syc', 'sg', 'sg', 'syc', 'sg', 'sg', 'syc', 'sg', 'sg', 'syc', 'sg', 'sg', 'syc', 'sg', 'sg', 'syc', 'sg', 'sg', 'syc', 'sg', 'sg', 'syc', 'sg', 'sg', 'syc', 'sg', 'sg', 'syc', 'sg', 'sg', 'syc', 'sg', 'sg', 'syc', 'sg', 'sg', 'syc', 'syc', 'sg', 'sg', 'syc', 'syc', 'sg', 'sg', 'syc', 'syc', 'sg', 'sg', 'syc', 'sg', 'sg', 'syc', 'sg', 'sg', 'syc', 'sg', 'sg', 'syc', 'sg', 'sg', 'syc', 'sg', 'sg', 'syc', 'sg', 'sg', 'syc', 'sg', 'sg', 'syc', 'sg', 'sg', 'syc', 'sg', 'sg', 'syc', 'sg', 'sg', 'syc', 'sg', 'sg', 'syc', 'sg', 'sg', 'syc', 'sg', 'sg', 'syc', 'sg', 'sg', 'syc', 'sg', 'sg', 'syc', 'syc', 'sg', 'sg', 'syc', 'sg', 'sg', 'syc', 'sg', 'sg', 'syc', 'sg', 'sg', 'syc', 'syc', 'sg', 'sg', 'syc', 'syc', 'sg', 'sg', 'syc', 'sg', 'sg', 'syc', 'sg', 'sg', 'syc', 'sg', 'sg', 'syc', 'sg', 'sg', 'syc', 'sg', 'sg', 'syc', 'sg', 'sg', 'syc', 'sg', 'sg', 'syc', 'sg', 'sg', 'syc', 'sg', 'sg', 'syc', 'sg', 'sg', 'syc', 'sg', 'sg', 'syc', 'sg', 'sg', 'syc', 'sg', 'sg', 'syc', 'sg', 'sg', 'syc', 'sg', 'sg', 'syc', 'sg', 'sg', 'syc', 'sg', 'sg', 'syc', 'sg', 'sg', 'syc', 'sg', 'sg', 'syc', 'sg', 'sg', 'syc', 'sg', 'sg', 'syc', 'syc', 'sg', 'sg', 'syc', 'sg', 'sg', 'syc', 'sg', 'sg', 'syc', 'sg', 'sg', 'syc', 'syc', 'sg', 'sg', 'syc']",
sabre_lookahead,0.35640532255752927,136,77,3,"[131, 143, 121, 94, 42, 70, 92, 129]","[0.991, 0.991, 0.991, 0.991, 0.991, 0.991, 0.986, 0.986, 0.986, 0.986, 0.986, 0.986, 0.991, 0.991, 0.991, 0.991, 0.991, 0.986, 0.986, 0.986, 0.986, 0.986, 0.986, 0.986, 0.981, 0.986, 0.986, 0.981, 0.986, 0.986, 0.986, 0.986, 0.986, 0.986, 0.986, 0.991, 0.991, 0.991, 0.991, 0.991, 0.991, 0.991, 0.991, 0.991, 0.991, 0.991, 0.986, 0.986, 0.986, 0.986, 0.991, 0.991, 0.991, 0.991, 0.986, 0.986, 0.986, 0.986, 0.991, 0.991, 0.991, 0.991, 0.991, 0.991, 0.991, 0.991, 0.991, 0.991, 0.991, 0.991, 0.991, 0.991, 0.991, 0.991, 0.991, 0.991, 0.991]","[(6, 7), [6], [7], (6, 7), [6], [7], (6, 7), [6], [7], (5, 6), [5], [6], (5, 6), [5], [6], (5, 6), [5], [6], (4, 5), [4], [5], (4, 5), [4], [5], (4, 5), [4], [5], (6, 7), [6], [7], (6, 7), [6], [7], (6, 7), [6], [7], (0, 4), [0], [4], (0, 4), (3, 4), [3], [4], (3, 4), [3], [4], (3, 4), [3], [4], (2, 3), [2], [3], (2, 3), [2], [3], (2, 3), [2], [3], (4, 5), [4], [5], (4, 5), [4], [5], (4, 5), [4], [5], (3, 4), [3], [4], (3, 4), [3], [4], (3, 4), [3], [4], (1, 2), [1], [2], (1, 2), (5, 6), [5], [6], (5, 6), [5], [6], (5, 6), [5], [6], (2, 3), [2], [3], (2, 3), (0, 4), [0], [4], (0, 4), [0], [4], (0, 4), [0], [4], (4, 5), [4], [5], (4, 5), (1, 2), [1], [2], (1, 2), [1], [2], (1, 2), [1], [2], (0, 4), [0], [4], (0, 4), (3, 4), [3], [4], (3, 4), [3], [4], (3, 4), [3], [4], (0, 4), [0], [4], (0, 4), (2, 3), [2], [3], (2, 3), [2], [3], (2, 3), [2], [3], (4, 5), [4], [5], (4, 5), [4], [5], (4, 5), [4], [5], (0, 4), [0], [4], (0, 4), (5, 6), [5], [6], (5, 6), (3, 4), [3], [4], (3, 4), [3], [4], (3, 4), [3], [4], (4, 5), [4], [5], (4, 5), [4], [5], (4, 5), [4], [5], (5, 6), [5], [6], (5, 6), [6], (6, 7), [6], [7], (6, 7), [6], [7], (6, 7), [6], [7], [5], (5, 6), [5], [6], (5, 6), [5], [6], (5, 6), [5], [6], (4, 5), [4], [5], (4, 5), [4], [5], (4, 5), [4], [5], (3, 4), [3], [4], (3, 4)]","['syc', 'sg', 'sg', 'syc', 'sg', 'sg', 'syc', 'sg', 'sg', 'syc', 'sg', 'sg', 'syc', 'sg', 'sg', 'syc', 'sg', 'sg', 'syc', 'sg', 'sg', 'syc', 'sg', 'sg', 'syc', 'sg', 'sg', 'syc', 'sg', 'sg', 'syc', 'sg', 'sg', 'syc', 'sg', 'sg', 'syc', 'sg', 'sg', 'syc', 'syc', 'sg', 'sg', 'syc', 'sg', 'sg', 'syc', 'sg', 'sg', 'syc', 'sg', 'sg', 'syc', 'sg', 'sg', 'syc', 'sg', 'sg', 'syc', 'sg', 'sg', 'syc', 'sg', 'sg', 'syc', 'sg', 'sg', 'syc', 'sg', 'sg', 'syc', 'sg', 'sg', 'syc', 'sg', 'sg', 'syc', 'sg', 'sg', 'syc', 'syc', 'sg', 'sg', 'syc', 'sg', 'sg', 'syc', 'sg', 'sg', 'syc', 'sg', 'sg', 'syc', 'syc', 'sg', 'sg', 'syc', 'sg', 'sg', 'syc', 'sg', 'sg', 'syc', 'sg', 'sg', 'syc', 'syc', 'sg', 'sg', 'syc', 'sg', 'sg', 'syc', 'sg', 'sg', 'syc', 'sg', 'sg', 'syc', 'syc', 'sg', 'sg', 'syc', 'sg', 'sg', 'syc', 'sg', 'sg', 'syc', 'sg', 'sg', 'syc', 'syc', 'sg', 'sg', 'syc', 'sg', 'sg', 'syc', 'sg', 'sg', 'syc', 'sg', 'sg', 'syc', 'sg', 'sg', 'syc', 'sg', 'sg', 'syc', 'sg', 'sg', 'syc', 'syc', 'sg', 'sg', 'syc', 'syc', 'sg', 'sg', 'syc', 'sg', 'sg', 'syc', 'sg', 'sg', 'syc', 'sg', 'sg', 'syc', 'sg', 'sg', 'syc', 'sg', 'sg', 'syc', 'sg', 'sg', 'syc', 'sg', 'syc', 'sg', 'sg', 'syc', 'sg', 'sg', 'syc', 'sg', 'sg', 'sg', 'syc', 'sg', 'sg', 'syc', 'sg', 'sg', 'syc', 'sg', 'sg', 'syc', 'sg', 'sg', 'syc', 'sg', 'sg', 'syc', 'sg', 'sg', 'syc', 'sg', 'sg', 'syc']",
sabre_decay,0.3855049264142125,124,73,3,"[114, 128, 102, 67, 35, 80, 89, 119]","[0.9905, 0.9905, 0.9905, 0.9905, 0.9905, 0.9905, 0.991, 0.991, 0.991, 0.991, 0.991, 0.991, 0.986, 0.986, 0.986, 0.986, 0.986, 0.986, 0.991, 0.991, 0.991, 0.991, 0.991, 0.986, 0.986, 0.986, 0.986, 0.991, 0.991, 0.991, 0.991, 0.986, 0.986, 0.986, 0.986, 0.991, 0.991, 0.991, 0.991, 0.991, 0.991, 0.991, 0.991, 0.991, 0.986, 0.986, 0.986, 0.986, 0.986, 0.986, 0.991, 0.991, 0.986, 0.986, 0.986, 0.986, 0.986, 0.986, 0.986, 0.986, 0.991, 0.991, 0.991, 0.991, 0.991, 0.991, 0.991, 0.991, 0.991, 0.991, 0.991, 0.991, 0.991]","[(6, 7), [6], [7], (6, 7), [6], [7], (6, 7), [6], [7], (0, 4), [0], [4], (0, 4), [0], [4], (0, 4), [0], [4], (5, 6), [5], [6], (5, 6), [5], [6], (5, 6), [5], [6], (4, 5), [4], [5], (4, 5), [4], [5], (4, 5), [4], [5], (3, 4), [3], [4], (3, 4), [3], [4], (3, 4), [3], [4], (5, 6), [5], [6], (5, 6), [5], [6], (5, 6), [5], [6], (2, 3), [2], [3], (2, 3), [2], [3], (2, 3), [2], [3], (6, 7), [6], [7], (6, 7), (3, 4), [3], [4], (3, 4), [3], [4], (3, 4), [3], [4], (1, 2), [1], [2], (1, 2), (4, 5), [4], [5], (4, 5), [4], [5], (4, 5), [4], [5], (0, 4), [0], [4], (0, 4), [0], [4], (0, 4), [0], [4], (5, 6), [5], [6], (5, 6), (3, 4), [3], [4], (3, 4), [3], [4], (3, 4), [3], [4], (6, 7), [6], [7], (6, 7), [6], [7], (6, 7), [6], [7], (2, 3), [2], [3], (2, 3), (3, 4), [3], [4], (3, 4), [3], [4], (3, 4), [3], [4], (1, 2), [1], [2], (1, 2), [1], [2], (1, 2), [1], [2], (4, 5), [4], [5], (4, 5), (3, 4), [3], [4], (3, 4), (5, 6), [5], [6], (5, 6), (2, 3), [2], [3], (2, 3), (0, 4), [0], [4], (0, 4), [0], [4], (0, 4), [0], [4], (3, 4), [3], [4], (3, 4), (2, 3), [2], [3], (2, 3), [2], [3], (2, 3), [2], [3], (3, 4), [3], [4], (3, 4), (4, 5), [4], [5], (4, 5), [4], [5], (4, 5), [4], [5], (5, 6), [5], [6], (5, 6)]","['syc', 'sg', 'sg', 'syc', 'sg', 'sg', 'syc', 'sg', 'sg', 'syc', 'sg', 'sg', 'syc', 'sg', 'sg', 'syc', 'sg', 'sg', 'syc', 'sg', 'sg', 'syc', 'sg', 'sg', 'syc', 'sg', 'sg', 'syc', 'sg', 'sg', 'syc', 'sg', 'sg', 'syc', 'sg', 'sg', 'syc', 'sg', 'sg', 'syc', 'sg', 'sg', 'syc', 'sg', 'sg', 'syc', 'sg', 'sg', 'syc', 'sg', 'sg', 'syc', 'sg', 'sg', 'syc', 'sg', 'sg', 'syc', 'sg', 'sg', 'syc', 'sg', 'sg', 'syc', 'sg', 'sg', 'syc', 'syc', 'sg', 'sg', 'syc', 'sg', 'sg', 'syc', 'sg', 'sg', 'syc', 'sg', 'sg', 'syc', 'syc', 'sg', 'sg', 'syc', 'sg', 'sg', 'syc', 'sg', 'sg', 'syc', 'sg', 'sg', 'syc', 'sg', 'sg', 'syc', 'sg', 'sg', 'syc', 'sg', 'sg', 'syc', 'syc', 'sg', 'sg', 'syc', 'sg', 'sg', 'syc', 'sg', 'sg', 'syc', 'sg', 'sg', 'syc', 'sg', 'sg', 'syc', 'sg', 'sg', 'syc', 'sg', 'sg', 'syc', 'syc', 'sg', 'sg', 'syc', 'sg', 'sg', 'syc', 'sg', 'sg', 'syc', 'sg', 'sg', 'syc', 'sg', 'sg', 'syc', 'sg', 'sg', 'syc', 'sg', 'sg', 'syc', 'syc', 'sg', 'sg', 'syc', 'syc', 'sg', 'sg', 'syc', 'syc', 'sg', 'sg', 'syc', 'syc', 'sg', 'sg', 'syc', 'sg', 'sg', 'syc', 'sg', 'sg', 'syc', 'sg', 'sg', 'syc', 'syc', 'sg', 'sg', 'syc', 'sg', 'sg', 'syc', 'sg', 'sg', 'syc', 'sg', 'sg', 'syc', 'syc', 'sg', 'sg', 'syc', 'sg', 'sg', 'syc', 'sg', 'sg', 'syc', 'sg', 'sg', 'syc']",
sabre_basic,0.3782881432978675,138,78,2,"[122, 108, 63, 65, 58, 51, 68, 113]","[0.991, 0.991, 0.991, 0.991, 0.991, 0.991, 0.9905, 0.9905, 0.9905, 0.9905, 0.9905, 0.9905, 0.9905, 0.9905, 0.9905, 0.9905, 0.9905, 0.9905, 0.991, 0.991, 0.991, 0.991, 0.986, 0.986, 0.986, 0.986, 0.991, 0.991, 0.991, 0.991, 0.991, 0.991, 0.991, 0.986, 0.986, 0.986, 0.986, 0.986, 0.986, 0.991, 0.991, 0.991, 0.991, 0.991, 0.991, 0.991, 0.986, 0.986, 0.986, 0.986, 0.991, 0.991, 0.991, 0.986, 0.986, 0.991, 0.986, 0.986, 0.991, 0.986, 0.986, 0.991, 0.991, 0.991, 0.991, 0.991, 0.991, 0.991, 0.991, 0.991, 0.991, 0.991, 0.991, 0.991, 0.991, 0.991, 0.991, 0.991]","[(1, 2), [1], [2], (1, 2), [1], [2], (1, 2), [1], [2], (6, 7), [6], [7], (6, 7), [6], [7], (6, 7), [6], [7], (2, 3), [2], [3], (2, 3), [2], [3], (2, 3), [2], [3], (5, 6), [5], [6], (5, 6), [5], [6], (5, 6), [5], [6], (4, 5), [4], [5], (4, 5), [4], [5], (4, 5), [4], [5], (1, 2), [1], [2], (1, 2), [1], [2], (1, 2), [1], [2], (0, 4), [0], [4], (0, 4), (3, 4), [3], [4], (3, 4), (4, 5), [4], [5], (4, 5), (2, 3), [2], [3], (2, 3), [2], [3], (2, 3), [2], [3], (0, 4), [0], [4], (0, 4), [0], [4], (0, 4), [0], [4], (4, 5), [4], [5], (4, 5), [4], [5], (4, 5), [4], [5], (5, 6), [5], [6], (5, 6), [5], [6], (5, 6), [5], [6], (3, 4), [3], [4], (3, 4), [3], [4], (3, 4), [3], [4], (6, 7), [6], [7], (6, 7), (5, 6), [5], [6], (5, 6), [5], [6], (5, 6), [5], [6], (4, 5), [4], [5], (4, 5), (3, 4), [3], [4], (3, 4), (5, 6), [5], [6], (5, 6), [5], [6], (5, 6), [5], [6], (2, 3), [2], [3], (2, 3), [2], [3], (2, 3), [2], [3], (4, 5), [4], [5], (4, 5), [4], [5], (4, 5), [4], [5], (6, 7), [6], [7], (6, 7), [6], [7], (6, 7), [6], [7], (1, 2), [1], [2], (1, 2), [1], [2], (1, 2), [1], [2], (5, 6), [5], [6], (5, 6), [5], [6], (5, 6), [5], [6], (2, 3), [2], [3], (2, 3), [2], [3], (2, 3), [2], [3], (3, 4), [3], [4], (3, 4), (2, 3), [2], [3], (2, 3), [2], [3], (2, 3), [2], [3], (3, 4), [3], [4], (3, 4), (4, 5), [4], [5], (4, 5)]","['syc', 'sg', 'sg', 'syc', 'sg', 'sg', 'syc', 'sg', 'sg', 'syc', 'sg', 'sg', 'syc', 'sg', 'sg', 'syc', 'sg', 'sg', 'syc', 'sg', 'sg', 'syc', 'sg', 'sg', 'syc', 'sg', 'sg', 'syc', 'sg', 'sg', 'syc', 'sg', 'sg', 'syc', 'sg', 'sg', 'syc', 'sg', 'sg', 'syc', 'sg', 'sg', 'syc', 'sg', 'sg', 'syc', 'sg', 'sg', 'syc', 'sg', 'sg', 'syc', 'sg', 'sg', 'syc', 'sg', 'sg', 'syc', 'syc', 'sg', 'sg', 'syc', 'syc', 'sg', 'sg', 'syc', 'syc', 'sg', 'sg', 'syc', 'sg', 'sg', 'syc', 'sg', 'sg', 'syc', 'sg', 'sg', 'syc', 'sg', 'sg', 'syc', 'sg', 'sg', 'syc', 'sg', 'sg', 'syc', 'sg', 'sg', 'syc', 'sg', 'sg', 'syc', 'sg', 'sg', 'syc', 'sg', 'sg', 'syc', 'sg', 'sg', 'syc', 'sg', 'sg', 'syc', 'sg', 'sg', 'syc', 'sg', 'sg', 'syc', 'sg', 'sg', 'syc', 'syc', 'sg', 'sg', 'syc', 'sg', 'sg', 'syc', 'sg', 'sg', 'syc', 'sg', 'sg', 'syc', 'syc', 'sg', 'sg', 'syc', 'syc', 'sg', 'sg', 'syc', 'sg', 'sg', 'syc', 'sg', 'sg', 'syc', 'sg', 'sg', 'syc', 'sg', 'sg', 'syc', 'sg', 'sg', 'syc', 'sg', 'sg', 'syc', 'sg', 'sg', 'syc', 'sg', 'sg', 'syc', 'sg', 'sg', 'syc', 'sg', 'sg', 'syc', 'sg', 'sg', 'syc', 'sg', 'sg', 'syc', 'sg', 'sg', 'syc', 'sg', 'sg', 'syc', 'sg', 'sg', 'syc', 'sg', 'sg', 'syc', 'sg', 'sg', 'syc', 'sg', 'sg', 'syc', 'sg', 'sg', 'syc', 'sg', 'sg', 'syc', 'sg', 'sg', 'syc', 'syc', 'sg', 'sg', 'syc', 'sg', 'sg', 'syc', 'sg', 'sg', 'syc', 'sg', 'sg', 'syc', 'syc', 'sg', 'sg', 'syc']",
sabre_lookahead,0.35640532255752927,136,77,2,"[131, 143, 121, 94, 42, 70, 92, 129]","[0.991, 0.991, 0.991, 0.991, 0.991, 0.991, 0.986, 0.986, 0.986, 0.986, 0.986, 0.986, 0.991, 0.991, 0.991, 0.991, 0.991, 0.986, 0.986, 0.986, 0.986, 0.986, 0.986, 0.986, 0.981, 0.986, 0.986, 0.981, 0.986, 0.986, 0.986, 0.986, 0.986, 0.986, 0.986, 0.991, 0.991, 0.991, 0.991, 0.991, 0.991, 0.991, 0.991, 0.991, 0.991, 0.991, 0.986, 0.986, 0.986, 0.986, 0.991, 0.991, 0.991, 0.991, 0.986, 0.986, 0.986, 0.986, 0.991, 0.991, 0.991, 0.991, 0.991, 0.991, 0.991, 0.991, 0.991, 0.991, 0.991, 0.991, 0.991, 0.991, 0.991, 0.991, 0.991, 0.991, 0.991]","[(6, 7), [6], [7], (6, 7), [6], [7], (6, 7), [6], [7], (5, 6), [5], [6], (5, 6), [5], [6], (5, 6), [5], [6], (4, 5), [4], [5], (4, 5), [4], [5], (4, 5), [4], [5], (6, 7), [6], [7], (6, 7), [6], [7], (6, 7), [6], [7], (0, 4), [0], [4], (0, 4), (3, 4), [3], [4], (3, 4), [3], [4], (3, 4), [3], [4], (2, 3), [2], [3], (2, 3), [2], [3], (2, 3), [2], [3], (4, 5), [4], [5], (4, 5), [4], [5], (4, 5), [4], [5], (3, 4), [3], [4], (3, 4), [3], [4], (3, 4), [3], [4], (1, 2), [1], [2], (1, 2), (5, 6), [5], [6], (5, 6), [5], [6], (5, 6), [5], [6], (2, 3), [2], [3], (2, 3), (0, 4), [0], [4], (0, 4), [0], [4], (0, 4), [0], [4], (4, 5), [4], [5], (4, 5), (1, 2), [1], [2], (1, 2), [1], [2], (1, 2), [1], [2], (0, 4), [0], [4], (0, 4), (3, 4), [3], [4], (3, 4), [3], [4], (3, 4), [3], [4], (0, 4), [0], [4], (0, 4), (2, 3), [2], [3], (2, 3), [2], [3], (2, 3), [2], [3], (4, 5), [4], [5], (4, 5), [4], [5], (4, 5), [4], [5], (0, 4), [0], [4], (0, 4), (5, 6), [5], [6], (5, 6), (3, 4), [3], [4], (3, 4), [3], [4], (3, 4), [3], [4], (4, 5), [4], [5], (4, 5), [4], [5], (4, 5), [4], [5], (5, 6), [5], [6], (5, 6), [6], (6, 7), [6], [7], (6, 7), [6], [7], (6, 7), [6], [7], [5], (5, 6), [5], [6], (5, 6), [5], [6], (5, 6), [5], [6], (4, 5), [4], [5], (4, 5), [4], [5], (4, 5), [4], [5], (3, 4), [3], [4], (3, 4)]","['syc', 'sg', 'sg', 'syc', 'sg', 'sg', 'syc', 'sg', 'sg', 'syc', 'sg', 'sg', 'syc', 'sg', 'sg', 'syc', 'sg', 'sg', 'syc', 'sg', 'sg', 'syc', 'sg', 'sg', 'syc', 'sg', 'sg', 'syc', 'sg', 'sg', 'syc', 'sg', 'sg', 'syc', 'sg', 'sg', 'syc', 'sg', 'sg', 'syc', 'syc', 'sg', 'sg', 'syc', 'sg', 'sg', 'syc', 'sg', 'sg', 'syc', 'sg', 'sg', 'syc', 'sg', 'sg', 'syc', 'sg', 'sg', 'syc', 'sg', 'sg', 'syc', 'sg', 'sg', 'syc', 'sg', 'sg', 'syc', 'sg', 'sg', 'syc', 'sg', 'sg', 'syc', 'sg', 'sg', 'syc', 'sg', 'sg', 'syc', 'syc', 'sg', 'sg', 'syc', 'sg', 'sg', 'syc', 'sg', 'sg', 'syc', 'sg', 'sg', 'syc', 'syc', 'sg', 'sg', 'syc', 'sg', 'sg', 'syc', 'sg', 'sg', 'syc', 'sg', 'sg', 'syc', 'syc', 'sg', 'sg', 'syc', 'sg', 'sg', 'syc', 'sg', 'sg', 'syc', 'sg', 'sg', 'syc', 'syc', 'sg', 'sg', 'syc', 'sg', 'sg', 'syc', 'sg', 'sg', 'syc', 'sg', 'sg', 'syc', 'syc', 'sg', 'sg', 'syc', 'sg', 'sg', 'syc', 'sg', 'sg', 'syc', 'sg', 'sg', 'syc', 'sg', 'sg', 'syc', 'sg', 'sg', 'syc', 'sg', 'sg', 'syc', 'syc', 'sg', 'sg', 'syc', 'syc', 'sg', 'sg', 'syc', 'sg', 'sg', 'syc', 'sg', 'sg', 'syc', 'sg', 'sg', 'syc', 'sg', 'sg', 'syc', 'sg', 'sg', 'syc', 'sg', 'sg', 'syc', 'sg', 'syc', 'sg', 'sg', 'syc', 'sg', 'sg', 'syc', 'sg', 'sg', 'sg', 'syc', 'sg', 'sg', 'syc', 'sg', 'sg', 'syc', 'sg', 'sg', 'syc', 'sg', 'sg', 'syc', 'sg', 'sg', 'syc', 'sg', 'sg', 'syc', 'sg', 'sg', 'syc']",
sabre_decay,0.3855049264142125,124,73,2,"[114, 128, 102, 67, 35, 80, 89, 119]","[0.9905, 0.9905, 0.9905, 0.9905, 0.9905, 0.9905, 0.991, 0.991, 0.991, 0.991, 0.991, 0.991, 0.986, 0.986, 0.986, 0.986, 0.986, 0.986, 0.991, 0.991, 0.991, 0.991, 0.991, 0.986, 0.986, 0.986, 0.986, 0.991, 0.991, 0.991, 0.991, 0.986, 0.986, 0.986, 0.986, 0.991, 0.991, 0.991, 0.991, 0.991, 0.991, 0.991, 0.991, 0.991, 0.986, 0.986, 0.986, 0.986, 0.986, 0.986, 0.991, 0.991, 0.986, 0.986, 0.986, 0.986, 0.986, 0.986, 0.986, 0.986, 0.991, 0.991, 0.991, 0.991, 0.991, 0.991, 0.991, 0.991, 0.991, 0.991, 0.991, 0.991, 0.991]","[(6, 7), [6], [7], (6, 7), [6], [7], (6, 7), [6], [7], (0, 4), [0], [4], (0, 4), [0], [4], (0, 4), [0], [4], (5, 6), [5], [6], (5, 6), [5], [6], (5, 6), [5], [6], (4, 5), [4], [5], (4, 5), [4], [5], (4, 5), [4], [5], (3, 4), [3], [4], (3, 4), [3], [4], (3, 4), [3], [4], (5, 6), [5], [6], (5, 6), [5], [6], (5, 6), [5], [6], (2, 3), [2], [3], (2, 3), [2], [3], (2, 3), [2], [3], (6, 7), [6], [7], (6, 7), (3, 4), [3], [4], (3, 4), [3], [4], (3, 4), [3], [4], (1, 2), [1], [2], (1, 2), (4, 5), [4], [5], (4, 5), [4], [5], (4, 5), [4], [5], (0, 4), [0], [4], (0, 4), [0], [4], (0, 4), [0], [4], (5, 6), [5], [6], (5, 6), (3, 4), [3], [4], (3, 4), [3], [4], (3, 4), [3], [4], (6, 7), [6], [7], (6, 7), [6], [7], (6, 7), [6], [7], (2, 3), [2], [3], (2, 3), (3, 4), [3], [4], (3, 4), [3], [4], (3, 4), [3], [4], (1, 2), [1], [2], (1, 2), [1], [2], (1, 2), [1], [2], (4, 5), [4], [5], (4, 5), (3, 4), [3], [4], (3, 4), (5, 6), [5], [6], (5, 6), (2, 3), [2], [3], (2, 3), (0, 4), [0], [4], (0, 4), [0], [4], (0, 4), [0], [4], (3, 4), [3], [4], (3, 4), (2, 3), [2], [3], (2, 3), [2], [3], (2, 3), [2], [3], (3, 4), [3], [4], (3, 4), (4, 5), [4], [5], (4, 5), [4], [5], (4, 5), [4], [5], (5, 6), [5], [6], (5, 6)]","['syc', 'sg', 'sg', 'syc', 'sg', 'sg', 'syc', 'sg', 'sg', 'syc', 'sg', 'sg', 'syc', 'sg', 'sg', 'syc', 'sg', 'sg', 'syc', 'sg', 'sg', 'syc', 'sg', 'sg', 'syc', 'sg', 'sg', 'syc', 'sg', 'sg', 'syc', 'sg', 'sg', 'syc', 'sg', 'sg', 'syc', 'sg', 'sg', 'syc', 'sg', 'sg', 'syc', 'sg', 'sg', 'syc', 'sg', 'sg', 'syc', 'sg', 'sg', 'syc', 'sg', 'sg', 'syc', 'sg', 'sg', 'syc', 'sg', 'sg', 'syc', 'sg', 'sg', 'syc', 'sg', 'sg', 'syc', 'syc', 'sg', 'sg', 'syc', 'sg', 'sg', 'syc', 'sg', 'sg', 'syc', 'sg', 'sg', 'syc', 'syc', 'sg', 'sg', 'syc', 'sg', 'sg', 'syc', 'sg', 'sg', 'syc', 'sg', 'sg', 'syc', 'sg', 'sg', 'syc', 'sg', 'sg', 'syc', 'sg', 'sg', 'syc', 'syc', 'sg', 'sg', 'syc', 'sg', 'sg', 'syc', 'sg', 'sg', 'syc', 'sg', 'sg', 'syc', 'sg', 'sg', 'syc', 'sg', 'sg', 'syc', 'sg', 'sg', 'syc', 'syc', 'sg', 'sg', 'syc', 'sg', 'sg', 'syc', 'sg', 'sg', 'syc', 'sg', 'sg', 'syc', 'sg', 'sg', 'syc', 'sg', 'sg', 'syc', 'sg', 'sg', 'syc', 'syc', 'sg', 'sg', 'syc', 'syc', 'sg', 'sg', 'syc', 'syc', 'sg', 'sg', 'syc', 'syc', 'sg', 'sg', 'syc', 'sg', 'sg', 'syc', 'sg', 'sg', 'syc', 'sg', 'sg', 'syc', 'syc', 'sg', 'sg', 'syc', 'sg', 'sg', 'syc', 'sg', 'sg', 'syc', 'sg', 'sg', 'syc', 'syc', 'sg', 'sg', 'syc', 'sg', 'sg', 'syc', 'sg', 'sg', 'syc', 'sg', 'sg', 'syc']",
sabre_basic,0.3782881432978675,138,78,1,"[122, 108, 63, 65, 58, 51, 68, 113]","[0.991, 0.991, 0.991, 0.991, 0.991, 0.991, 0.9905, 0.9905, 0.9905, 0.9905, 0.9905, 0.9905, 0.9905, 0.9905, 0.9905, 0.9905, 0.9905, 0.9905, 0.991, 0.991, 0.991, 0.991, 0.986, 0.986, 0.986, 0.986, 0.991, 0.991, 0.991, 0.991, 0.991, 0.991, 0.991, 0.986, 0.986, 0.986, 0.986, 0.986, 0.986, 0.991, 0.991, 0.991, 0.991, 0.991, 0.991, 0.991, 0.986, 0.986, 0.986, 0.986, 0.991, 0.991, 0.991, 0.986, 0.986, 0.991, 0.986, 0.986, 0.991, 0.986, 0.986, 0.991, 0.991, 0.991, 0.991, 0.991, 0.991, 0.991, 0.991, 0.991, 0.991, 0.991, 0.991, 0.991, 0.991, 0.991, 0.991, 0.991]","[(1, 2), [1], [2], (1, 2), [1], [2], (1, 2), [1], [2], (6, 7), [6], [7], (6, 7), [6], [7], (6, 7), [6], [7], (2, 3), [2], [3], (2, 3), [2], [3], (2, 3), [2], [3], (5, 6), [5], [6], (5, 6), [5], [6], (5, 6), [5], [6], (4, 5), [4], [5], (4, 5), [4], [5], (4, 5), [4], [5], (1, 2), [1], [2], (1, 2), [1], [2], (1, 2), [1], [2], (0, 4), [0], [4], (0, 4), (3, 4), [3], [4], (3, 4), (4, 5), [4], [5], (4, 5), (2, 3), [2], [3], (2, 3), [2], [3], (2, 3), [2], [3], (0, 4), [0], [4], (0, 4), [0], [4], (0, 4), [0], [4], (4, 5), [4], [5], (4, 5), [4], [5], (4, 5), [4], [5], (5, 6), [5], [6], (5, 6), [5], [6], (5, 6), [5], [6], (3, 4), [3], [4], (3, 4), [3], [4], (3, 4), [3], [4], (6, 7), [6], [7], (6, 7), (5, 6), [5], [6], (5, 6), [5], [6], (5, 6), [5], [6], (4, 5), [4], [5], (4, 5), (3, 4), [3], [4], (3, 4), (5, 6), [5], [6], (5, 6), [5], [6], (5, 6), [5], [6], (2, 3), [2], [3], (2, 3), [2], [3], (2, 3), [2], [3], (4, 5), [4], [5], (4, 5), [4], [5], (4, 5), [4], [5], (6, 7), [6], [7], (6, 7), [6], [7], (6, 7), [6], [7], (1, 2), [1], [2], (1, 2), [1], [2], (1, 2), [1], [2], (5, 6), [5], [6], (5, 6), [5], [6], (5, 6), [5], [6], (2, 3), [2], [3], (2, 3), [2], [3], (2, 3), [2], [3], (3, 4), [3], [4], (3, 4), (2, 3), [2], [3], (2, 3), [2], [3], (2, 3), [2], [3], (3, 4), [3], [4], (3, 4), (4, 5), [4], [5], (4, 5)]","['syc', 'sg', 'sg', 'syc', 'sg', 'sg', 'syc', 'sg', 'sg', 'syc', 'sg', 'sg', 'syc', 'sg', 'sg', 'syc', 'sg', 'sg', 'syc', 'sg', 'sg', 'syc', 'sg', 'sg', 'syc', 'sg', 'sg', 'syc', 'sg', 'sg', 'syc', 'sg', 'sg', 'syc', 'sg', 'sg', 'syc', 'sg', 'sg', 'syc', 'sg', 'sg', 'syc', 'sg', 'sg', 'syc', 'sg', 'sg', 'syc', 'sg', 'sg', 'syc', 'sg', 'sg', 'syc', 'sg', 'sg', 'syc', 'syc', 'sg', 'sg', 'syc', 'syc', 'sg', 'sg', 'syc', 'syc', 'sg', 'sg', 'syc', 'sg', 'sg', 'syc', 'sg', 'sg', 'syc', 'sg', 'sg', 'syc', 'sg', 'sg', 'syc', 'sg', 'sg', 'syc', 'sg', 'sg', 'syc', 'sg', 'sg', 'syc', 'sg', 'sg', 'syc', 'sg', 'sg', 'syc', 'sg', 'sg', 'syc', 'sg', 'sg', 'syc', 'sg', 'sg', 'syc', 'sg', 'sg', 'syc', 'sg', 'sg', 'syc', 'sg', 'sg', 'syc', 'syc', 'sg', 'sg', 'syc', 'sg', 'sg', 'syc', 'sg', 'sg', 'syc', 'sg', 'sg', 'syc', 'syc', 'sg', 'sg', 'syc', 'syc', 'sg', 'sg', 'syc', 'sg', 'sg', 'syc', 'sg', 'sg', 'syc', 'sg', 'sg', 'syc', 'sg', 'sg', 'syc', 'sg', 'sg', 'syc', 'sg', 'sg', 'syc', 'sg', 'sg', 'syc', 'sg', 'sg', 'syc', 'sg', 'sg', 'syc', 'sg', 'sg', 'syc', 'sg', 'sg', 'syc', 'sg', 'sg', 'syc', 'sg', 'sg', 'syc', 'sg', 'sg', 'syc', 'sg', 'sg', 'syc', 'sg', 'sg', 'syc', 'sg', 'sg', 'syc', 'sg', 'sg', 'syc', 'sg', 'sg', 'syc', 'sg', 'sg', 'syc', 'sg', 'sg', 'syc', 'syc', 'sg', 'sg', 'syc', 'sg', 'sg', 'syc', 'sg', 'sg', 'syc', 'sg', 'sg', 'syc', 'syc', 'sg', 'sg', 'syc']",
sabre_lookahead,0.35640532255752927,136,77,1,"[131, 143, 121, 94, 42, 70, 92, 129]","[0.991, 0.991, 0.991, 0.991, 0.991, 0.991, 0.986, 0.986, 0.986, 0.986, 0.986, 0.986, 0.991, 0.991, 0.991, 0.991, 0.991, 0.986, 0.986, 0.986, 0.986, 0.986, 0.986, 0.986, 0.981, 0.986, 0.986, 0.981, 0.986, 0.986, 0.986, 0.986, 0.986, 0.986, 0.986, 0.991, 0.991, 0.991, 0.991, 0.991, 0.991, 0.991, 0.991, 0.991, 0.991, 0.991, 0.986, 0.986, 0.986, 0.986, 0.991, 0.991, 0.991, 0.991, 0.986, 0.986, 0.986, 0.986, 0.991, 0.991, 0.991, 0.991, 0.991, 0.991, 0.991, 0.991, 0.991, 0.991, 0.991, 0.991, 0.991, 0.991, 0.991, 0.991, 0.991, 0.991, 0.991]","[(6, 7), [6], [7], (6, 7), [6], [7], (6, 7), [6], [7], (5, 6), [5], [6], (5, 6), [5], [6], (5, 6), [5], [6], (4, 5), [4], [5], (4, 5), [4], [5], (4, 5), [4], [5], (6, 7), [6], [7], (6, 7), [6], [7], (6, 7), [6], [7], (0, 4), [0], [4], (0, 4), (3, 4), [3], [4], (3, 4), [3], [4], (3, 4), [3], [4], (2, 3), [2], [3], (2, 3), [2], [3], (2, 3), [2], [3], (4, 5), [4], [5], (4, 5), [4], [5], (4, 5), [4], [5], (3, 4), [3], [4], (3, 4), [3], [4], (3, 4), [3], [4], (1, 2), [1], [2], (1, 2), (5, 6), [5], [6], (5, 6), [5], [6], (5, 6), [5], [6], (2, 3), [2], [3], (2, 3), (0, 4), [0], [4], (0, 4), [0], [4], (0, 4), [0], [4], (4, 5), [4], [5], (4, 5), (1, 2), [1], [2], (1, 2), [1], [2], (1, 2), [1], [2], (0, 4), [0], [4], (0, 4), (3, 4), [3], [4], (3, 4), [3], [4], (3, 4), [3], [4], (0, 4), [0], [4], (0, 4), (2, 3), [2], [3], (2, 3), [2], [3], (2, 3), [2], [3], (4, 5), [4], [5], (4, 5), [4], [5], (4, 5), [4], [5], (0, 4), [0], [4], (0, 4), (5, 6), [5], [6], (5, 6), (3, 4), [3], [4], (3, 4), [3], [4], (3, 4), [3], [4], (4, 5), [4], [5], (4, 5), [4], [5], (4, 5), [4], [5], (5, 6), [5], [6], (5, 6), [6], (6, 7), [6], [7], (6, 7), [6], [7], (6, 7), [6], [7], [5], (5, 6), [5], [6], (5, 6), [5], [6], (5, 6), [5], [6], (4, 5), [4], [5], (4, 5), [4], [5], (4, 5), [4], [5], (3, 4), [3], [4], (3, 4)]","['syc', 'sg', 'sg', 'syc', 'sg', 'sg', 'syc', 'sg', 'sg', 'syc', 'sg', 'sg', 'syc', 'sg', 'sg', 'syc', 'sg', 'sg', 'syc', 'sg', 'sg', 'syc', 'sg', 'sg', 'syc', 'sg', 'sg', 'syc', 'sg', 'sg', 'syc', 'sg', 'sg', 'syc', 'sg', 'sg', 'syc', 'sg', 'sg', 'syc', 'syc', 'sg', 'sg', 'syc', 'sg', 'sg', 'syc', 'sg', 'sg', 'syc', 'sg', 'sg', 'syc', 'sg', 'sg', 'syc', 'sg', 'sg', 'syc', 'sg', 'sg', 'syc', 'sg', 'sg', 'syc', 'sg', 'sg', 'syc', 'sg', 'sg', 'syc', 'sg', 'sg', 'syc', 'sg', 'sg', 'syc', 'sg', 'sg', 'syc', 'syc', 'sg', 'sg', 'syc', 'sg', 'sg', 'syc', 'sg', 'sg', 'syc', 'sg', 'sg', 'syc', 'syc', 'sg', 'sg', 'syc', 'sg', 'sg', 'syc', 'sg', 'sg', 'syc', 'sg', 'sg', 'syc', 'syc', 'sg', 'sg', 'syc', 'sg', 'sg', 'syc', 'sg', 'sg', 'syc', 'sg', 'sg', 'syc', 'syc', 'sg', 'sg', 'syc', 'sg', 'sg', 'syc', 'sg', 'sg', 'syc', 'sg', 'sg', 'syc', 'syc', 'sg', 'sg', 'syc', 'sg', 'sg', 'syc', 'sg', 'sg', 'syc', 'sg', 'sg', 'syc', 'sg', 'sg', 'syc', 'sg', 'sg', 'syc', 'sg', 'sg', 'syc', 'syc', 'sg', 'sg', 'syc', 'syc', 'sg', 'sg', 'syc', 'sg', 'sg', 'syc', 'sg', 'sg', 'syc', 'sg', 'sg', 'syc', 'sg', 'sg', 'syc', 'sg', 'sg', 'syc', 'sg', 'sg', 'syc', 'sg', 'syc', 'sg', 'sg', 'syc', 'sg', 'sg', 'syc', 'sg', 'sg', 'sg', 'syc', 'sg', 'sg', 'syc', 'sg', 'sg', 'syc', 'sg', 'sg', 'syc', 'sg', 'sg', 'syc', 'sg', 'sg', 'syc', 'sg', 'sg', 'syc', 'sg', 'sg', 'syc']",
sabre_decay,0.3855049264142125,124,73,1,"[114, 128, 102, 67, 35, 80, 89, 119]","[0.9905, 0.9905, 0.9905, 0.9905, 0.9905, 0.9905, 0.991, 0.991, 0.991, 0.991, 0.991, 0.991, 0.986, 0.986, 0.986, 0.986, 0.986, 0.986, 0.991, 0.991, 0.991, 0.991, 0.991, 0.986, 0.986, 0.986, 0.986, 0.991, 0.991, 0.991, 0.991, 0.986, 0.986, 0.986, 0.986, 0.991, 0.991, 0.991, 0.991, 0.991, 0.991, 0.991, 0.991, 0.991, 0.986, 0.986, 0.986, 0.986, 0.986, 0.986, 0.991, 0.991, 0.986, 0.986, 0.986, 0.986, 0.986, 0.986, 0.986, 0.986, 0.991, 0.991, 0.991, 0.991, 0.991, 0.991, 0.991, 0.991, 0.991, 0.991, 0.991, 0.991, 0.991]","[(6, 7), [6], [7], (6, 7), [6], [7], (6, 7), [6], [7], (0, 4), [0], [4], (0, 4), [0], [4], (0, 4), [0], [4], (5, 6), [5], [6], (5, 6), [5], [6], (5, 6), [5], [6], (4, 5), [4], [5], (4, 5), [4], [5], (4, 5), [4], [5], (3, 4), [3], [4], (3, 4), [3], [4], (3, 4), [3], [4], (5, 6), [5], [6], (5, 6), [5], [6], (5, 6), [5], [6], (2, 3), [2], [3], (2, 3), [2], [3], (2, 3), [2], [3], (6, 7), [6], [7], (6, 7), (3, 4), [3], [4], (3, 4), [3], [4], (3, 4), [3], [4], (1, 2), [1], [2], (1, 2), (4, 5), [4], [5], (4, 5), [4], [5], (4, 5), [4], [5], (0, 4), [0], [4], (0, 4), [0], [4], (0, 4), [0], [4], (5, 6), [5], [6], (5, 6), (3, 4), [3], [4], (3, 4), [3], [4], (3, 4), [3], [4], (6, 7), [6], [7], (6, 7), [6], [7], (6, 7), [6], [7], (2, 3), [2], [3], (2, 3), (3, 4), [3], [4], (3, 4), [3], [4], (3, 4), [3], [4], (1, 2), [1], [2], (1, 2), [1], [2], (1, 2), [1], [2], (4, 5), [4], [5], (4, 5), (3, 4), [3], [4], (3, 4), (5, 6), [5], [6], (5, 6), (2, 3), [2], [3], (2, 3), (0, 4), [0], [4], (0, 4), [0], [4], (0, 4), [0], [4], (3, 4), [3], [4], (3, 4), (2, 3), [2], [3], (2, 3), [2], [3], (2, 3), [2], [3], (3, 4), [3], [4], (3, 4), (4, 5), [4], [5], (4, 5), [4], [5], (4, 5), [4], [5], (5, 6), [5], [6], (5, 6)]","['syc', 'sg', 'sg', 'syc', 'sg', 'sg', 'syc', 'sg', 'sg', 'syc', 'sg', 'sg', 'syc', 'sg', 'sg', 'syc', 'sg', 'sg', 'syc', 'sg', 'sg', 'syc', 'sg', 'sg', 'syc', 'sg', 'sg', 'syc', 'sg', 'sg', 'syc', 'sg', 'sg', 'syc', 'sg', 'sg', 'syc', 'sg', 'sg', 'syc', 'sg', 'sg', 'syc', 'sg', 'sg', 'syc', 'sg', 'sg', 'syc', 'sg', 'sg', 'syc', 'sg', 'sg', 'syc', 'sg', 'sg', 'syc', 'sg', 'sg', 'syc', 'sg', 'sg', 'syc', 'sg', 'sg', 'syc', 'syc', 'sg', 'sg', 'syc', 'sg', 'sg', 'syc', 'sg', 'sg', 'syc', 'sg', 'sg', 'syc', 'syc', 'sg', 'sg', 'syc', 'sg', 'sg', 'syc', 'sg', 'sg', 'syc', 'sg', 'sg', 'syc', 'sg', 'sg', 'syc', 'sg', 'sg', 'syc', 'sg', 'sg', 'syc', 'syc', 'sg', 'sg', 'syc', 'sg', 'sg', 'syc', 'sg', 'sg', 'syc', 'sg', 'sg', 'syc', 'sg', 'sg', 'syc', 'sg', 'sg', 'syc', 'sg', 'sg', 'syc', 'syc', 'sg', 'sg', 'syc', 'sg', 'sg', 'syc', 'sg', 'sg', 'syc', 'sg', 'sg', 'syc', 'sg', 'sg', 'syc', 'sg', 'sg', 'syc', 'sg', 'sg', 'syc', 'syc', 'sg', 'sg', 'syc', 'syc', 'sg', 'sg', 'syc', 'syc', 'sg', 'sg', 'syc', 'syc', 'sg', 'sg', 'syc', 'sg', 'sg', 'syc', 'sg', 'sg', 'syc', 'sg', 'sg', 'syc', 'syc', 'sg', 'sg', 'syc', 'sg', 'sg', 'syc', 'sg', 'sg', 'syc', 'sg', 'sg', 'syc', 'syc', 'sg', 'sg', 'syc', 'sg', 'sg', 'syc', 'sg', 'sg', 'syc', 'sg', 'sg', 'syc']",
sabre_basic,0.3782881432978675,138,78,0,"[122, 108, 63, 65, 58, 51, 68, 113]","[0.991, 0.991, 0.991, 0.991, 0.991, 0.991, 0.9905, 0.9905, 0.9905, 0.9905, 0.9905, 0.9905, 0.9905, 0.9905, 0.9905, 0.9905, 0.9905, 0.9905, 0.991, 0.991, 0.991, 0.991, 0.986, 0.986, 0.986, 0.986, 0.991, 0.991, 0.991, 0.991, 0.991, 0.991, 0.991, 0.986, 0.986, 0.986, 0.986, 0.986, 0.986, 0.991, 0.991, 0.991, 0.991, 0.991, 0.991, 0.991, 0.986, 0.986, 0.986, 0.986, 0.991, 0.991, 0.991, 0.986, 0.986, 0.991, 0.986, 0.986, 0.991, 0.986, 0.986, 0.991, 0.991, 0.991, 0.991, 0.991, 0.991, 0.991, 0.991, 0.991, 0.991, 0.991, 0.991, 0.991, 0.991, 0.991, 0.991, 0.991]","[(1, 2), [1], [2], (1, 2), [1], [2], (1, 2), [1], [2], (6, 7), [6], [7], (6, 7), [6], [7], (6, 7), [6], [7], (2, 3), [2], [3], (2, 3), [2], [3], (2, 3), [2], [3], (5, 6), [5], [6], (5, 6), [5], [6], (5, 6), [5], [6], (4, 5), [4], [5], (4, 5), [4], [5], (4, 5), [4], [5], (1, 2), [1], [2], (1, 2), [1], [2], (1, 2), [1], [2], (0, 4), [0], [4], (0, 4), (3, 4), [3], [4], (3, 4), (4, 5), [4], [5], (4, 5), (2, 3), [2], [3], (2, 3), [2], [3], (2, 3), [2], [3], (0, 4), [0], [4], (0, 4), [0], [4], (0, 4), [0], [4], (4, 5), [4], [5], (4, 5), [4], [5], (4, 5), [4], [5], (5, 6), [5], [6], (5, 6), [5], [6], (5, 6), [5], [6], (3, 4), [3], [4], (3, 4), [3], [4], (3, 4), [3], [4], (6, 7), [6], [7], (6, 7), (5, 6), [5], [6], (5, 6), [5], [6], (5, 6), [5], [6], (4, 5), [4], [5], (4, 5), (3, 4), [3], [4], (3, 4), (5, 6), [5], [6], (5, 6), [5], [6], (5, 6), [5], [6], (2, 3), [2], [3], (2, 3), [2], [3], (2, 3), [2], [3], (4, 5), [4], [5], (4, 5), [4], [5], (4, 5), [4], [5], (6, 7), [6], [7], (6, 7), [6], [7], (6, 7), [6], [7], (1, 2), [1], [2], (1, 2), [1], [2], (1, 2), [1], [2], (5, 6), [5], [6], (5, 6), [5], [6], (5, 6), [5], [6], (2, 3), [2], [3], (2, 3), [2], [3], (2, 3), [2], [3], (3, 4), [3], [4], (3, 4), (2, 3), [2], [3], (2, 3), [2], [3], (2, 3), [2], [3], (3, 4), [3], [4], (3, 4), (4, 5), [4], [5], (4, 5)]","['syc', 'sg', 'sg', 'syc', 'sg', 'sg', 'syc', 'sg', 'sg', 'syc', 'sg', 'sg', 'syc', 'sg', 'sg', 'syc', 'sg', 'sg', 'syc', 'sg', 'sg', 'syc', 'sg', 'sg', 'syc', 'sg', 'sg', 'syc', 'sg', 'sg', 'syc', 'sg', 'sg', 'syc', 'sg', 'sg', 'syc', 'sg', 'sg', 'syc', 'sg', 'sg', 'syc', 'sg', 'sg', 'syc', 'sg', 'sg', 'syc', 'sg', 'sg', 'syc', 'sg', 'sg', 'syc', 'sg', 'sg', 'syc', 'syc', 'sg', 'sg', 'syc', 'syc', 'sg', 'sg', 'syc', 'syc', 'sg', 'sg', 'syc', 'sg', 'sg', 'syc', 'sg', 'sg', 'syc', 'sg', 'sg', 'syc', 'sg', 'sg', 'syc', 'sg', 'sg', 'syc', 'sg', 'sg', 'syc', 'sg', 'sg', 'syc', 'sg', 'sg', 'syc', 'sg', 'sg', 'syc', 'sg', 'sg', 'syc', 'sg', 'sg', 'syc', 'sg', 'sg', 'syc', 'sg', 'sg', 'syc', 'sg', 'sg', 'syc', 'sg', 'sg', 'syc', 'syc', 'sg', 'sg', 'syc', 'sg', 'sg', 'syc', 'sg', 'sg', 'syc', 'sg', 'sg', 'syc', 'syc', 'sg', 'sg', 'syc', 'syc', 'sg', 'sg', 'syc', 'sg', 'sg', 'syc', 'sg', 'sg', 'syc', 'sg', 'sg', 'syc', 'sg', 'sg', 'syc', 'sg', 'sg', 'syc', 'sg', 'sg', 'syc', 'sg', 'sg', 'syc', 'sg', 'sg', 'syc', 'sg', 'sg', 'syc', 'sg', 'sg', 'syc', 'sg', 'sg', 'syc', 'sg', 'sg', 'syc', 'sg', 'sg', 'syc', 'sg', 'sg', 'syc', 'sg', 'sg', 'syc', 'sg', 'sg', 'syc', 'sg', 'sg', 'syc', 'sg', 'sg', 'syc', 'sg', 'sg', 'syc', 'sg', 'sg', 'syc', 'sg', 'sg', 'syc', 'syc', 'sg', 'sg', 'syc', 'sg', 'sg', 'syc', 'sg', 'sg', 'syc', 'sg', 'sg', 'syc', 'syc', 'sg', 'sg', 'syc']",
sabre_lookahead,0.35640532255752927,136,77,0,"[131, 143, 121, 94, 42, 70, 92, 129]","[0.991, 0.991, 0.991, 0.991, 0.991, 0.991, 0.986, 0.986, 0.986, 0.986, 0.986, 0.986, 0.991, 0.991, 0.991, 0.991, 0.991, 0.986, 0.986, 0.986, 0.986, 0.986, 0.986, 0.986, 0.981, 0.986, 0.986, 0.981, 0.986, 0.986, 0.986, 0.986, 0.986, 0.986, 0.986, 0.991, 0.991, 0.991, 0.991, 0.991, 0.991, 0.991, 0.991, 0.991, 0.991, 0.991, 0.986, 0.986, 0.986, 0.986, 0.991, 0.991, 0.991, 0.991, 0.986, 0.986, 0.986, 0.986, 0.991, 0.991, 0.991, 0.991, 0.991, 0.991, 0.991, 0.991, 0.991, 0.991, 0.991, 0.991, 0.991, 0.991, 0.991, 0.991, 0.991, 0.991, 0.991]","[(6, 7), [6], [7], (6, 7), [6], [7], (6, 7), [6], [7], (5, 6), [5], [6], (5, 6), [5], [6], (5, 6), [5], [6], (4, 5), [4], [5], (4, 5), [4], [5], (4, 5), [4], [5], (6, 7), [6], [7], (6, 7), [6], [7], (6, 7), [6], [7], (0, 4), [0], [4], (0, 4), (3, 4), [3], [4], (3, 4), [3], [4], (3, 4), [3], [4], (2, 3), [2], [3], (2, 3), [2], [3], (2, 3), [2], [3], (4, 5), [4], [5], (4, 5), [4], [5], (4, 5), [4], [5], (3, 4), [3], [4], (3, 4), [3], [4], (3, 4), [3], [4], (1, 2), [1], [2], (1, 2), (5, 6), [5], [6], (5, 6), [5], [6], (5, 6), [5], [6], (2, 3), [2], [3], (2, 3), (0, 4), [0], [4], (0, 4), [0], [4], (0, 4), [0], [4], (4, 5), [4], [5], (4, 5), (1, 2), [1], [2], (1, 2), [1], [2], (1, 2), [1], [2], (0, 4), [0], [4], (0, 4), (3, 4), [3], [4], (3, 4), [3], [4], (3, 4), [3], [4], (0, 4), [0], [4], (0, 4), (2, 3), [2], [3], (2, 3), [2], [3], (2, 3), [2], [3], (4, 5), [4], [5], (4, 5), [4], [5], (4, 5), [4], [5], (0, 4), [0], [4], (0, 4), (5, 6), [5], [6], (5, 6), (3, 4), [3], [4], (3, 4), [3], [4], (3, 4), [3], [4], (4, 5), [4], [5], (4, 5), [4], [5], (4, 5), [4], [5], (5, 6), [5], [6], (5, 6), [6], (6, 7), [6], [7], (6, 7), [6], [7], (6, 7), [6], [7], [5], (5, 6), [5], [6], (5, 6), [5], [6], (5, 6), [5], [6], (4, 5), [4], [5], (4, 5), [4], [5], (4, 5), [4], [5], (3, 4), [3], [4], (3, 4)]","['syc', 'sg', 'sg', 'syc', 'sg', 'sg', 'syc', 'sg', 'sg', 'syc', 'sg', 'sg', 'syc', 'sg', 'sg', 'syc', 'sg', 'sg', 'syc', 'sg', 'sg', 'syc', 'sg', 'sg', 'syc', 'sg', 'sg', 'syc', 'sg', 'sg', 'syc', 'sg', 'sg', 'syc', 'sg', 'sg', 'syc', 'sg', 'sg', 'syc', 'syc', 'sg', 'sg', 'syc', 'sg', 'sg', 'syc', 'sg', 'sg', 'syc', 'sg', 'sg', 'syc', 'sg', 'sg', 'syc', 'sg', 'sg', 'syc', 'sg', 'sg', 'syc', 'sg', 'sg', 'syc', 'sg', 'sg', 'syc', 'sg', 'sg', 'syc', 'sg', 'sg', 'syc', 'sg', 'sg', 'syc', 'sg', 'sg', 'syc', 'syc', 'sg', 'sg', 'syc', 'sg', 'sg', 'syc', 'sg', 'sg', 'syc', 'sg', 'sg', 'syc', 'syc', 'sg', 'sg', 'syc', 'sg', 'sg', 'syc', 'sg', 'sg', 'syc', 'sg', 'sg', 'syc', 'syc', 'sg', 'sg', 'syc', 'sg', 'sg', 'syc', 'sg', 'sg', 'syc', 'sg', 'sg', 'syc', 'syc', 'sg', 'sg', 'syc', 'sg', 'sg', 'syc', 'sg', 'sg', 'syc', 'sg', 'sg', 'syc', 'syc', 'sg', 'sg', 'syc', 'sg', 'sg', 'syc', 'sg', 'sg', 'syc', 'sg', 'sg', 'syc', 'sg', 'sg', 'syc', 'sg', 'sg', 'syc', 'sg', 'sg', 'syc', 'syc', 'sg', 'sg', 'syc', 'syc', 'sg', 'sg', 'syc', 'sg', 'sg', 'syc', 'sg', 'sg', 'syc', 'sg', 'sg', 'syc', 'sg', 'sg', 'syc', 'sg', 'sg', 'syc', 'sg', 'sg', 'syc', 'sg', 'syc', 'sg', 'sg', 'syc', 'sg', 'sg', 'syc', 'sg', 'sg', 'sg', 'syc', 'sg', 'sg', 'syc', 'sg', 'sg', 'syc', 'sg', 'sg', 'syc', 'sg', 'sg', 'syc', 'sg', 'sg', 'syc', 'sg', 'sg', 'syc', 'sg', 'sg', 'syc']",
sabre_decay,0.3855049264142125,124,73,0,"[114, 128, 102, 67, 35, 80, 89, 119]","[0.9905, 0.9905, 0.9905, 0.9905, 0.9905, 0.9905, 0.991, 0.991, 0.991, 0.991, 0.991, 0.991, 0.986, 0.986, 0.986, 0.986, 0.986, 0.986, 0.991, 0.991, 0.991, 0.991, 0.991, 0.986, 0.986, 0.986, 0.986, 0.991, 0.991, 0.991, 0.991, 0.986, 0.986, 0.986, 0.986, 0.991, 0.991, 0.991, 0.991, 0.991, 0.991, 0.991, 0.991, 0.991, 0.986, 0.986, 0.986, 0.986, 0.986, 0.986, 0.991, 0.991, 0.986, 0.986, 0.986, 0.986, 0.986, 0.986, 0.986, 0.986, 0.991, 0.991, 0.991, 0.991, 0.991, 0.991, 0.991, 0.991, 0.991, 0.991, 0.991, 0.991, 0.991]","[(6, 7), [6], [7], (6, 7), [6], [7], (6, 7), [6], [7], (0, 4), [0], [4], (0, 4), [0], [4], (0, 4), [0], [4], (5, 6), [5], [6], (5, 6), [5], [6], (5, 6), [5], [6], (4, 5), [4], [5], (4, 5), [4], [5], (4, 5), [4], [5], (3, 4), [3], [4], (3, 4), [3], [4], (3, 4), [3], [4], (5, 6), [5], [6], (5, 6), [5], [6], (5, 6), [5], [6], (2, 3), [2], [3], (2, 3), [2], [3], (2, 3), [2], [3], (6, 7), [6], [7], (6, 7), (3, 4), [3], [4], (3, 4), [3], [4], (3, 4), [3], [4], (1, 2), [1], [2], (1, 2), (4, 5), [4], [5], (4, 5), [4], [5], (4, 5), [4], [5], (0, 4), [0], [4], (0, 4), [0], [4], (0, 4), [0], [4], (5, 6), [5], [6], (5, 6), (3, 4), [3], [4], (3, 4), [3], [4], (3, 4), [3], [4], (6, 7), [6], [7], (6, 7), [6], [7], (6, 7), [6], [7], (2, 3), [2], [3], (2, 3), (3, 4), [3], [4], (3, 4), [3], [4], (3, 4), [3], [4], (1, 2), [1], [2], (1, 2), [1], [2], (1, 2), [1], [2], (4, 5), [4], [5], (4, 5), (3, 4), [3], [4], (3, 4), (5, 6), [5], [6], (5, 6), (2, 3), [2], [3], (2, 3), (0, 4), [0], [4], (0, 4), [0], [4], (0, 4), [0], [4], (3, 4), [3], [4], (3, 4), (2, 3), [2], [3], (2, 3), [2], [3], (2, 3), [2], [3], (3, 4), [3], [4], (3, 4), (4, 5), [4], [5], (4, 5), [4], [5], (4, 5), [4], [5], (5, 6), [5], [6], (5, 6)]","['syc', 'sg', 'sg', 'syc', 'sg', 'sg', 'syc', 'sg', 'sg', 'syc', 'sg', 'sg', 'syc', 'sg', 'sg', 'syc', 'sg', 'sg', 'syc', 'sg', 'sg', 'syc', 'sg', 'sg', 'syc', 'sg', 'sg', 'syc', 'sg', 'sg', 'syc', 'sg', 'sg', 'syc', 'sg', 'sg', 'syc', 'sg', 'sg', 'syc', 'sg', 'sg', 'syc', 'sg', 'sg', 'syc', 'sg', 'sg', 'syc', 'sg', 'sg', 'syc', 'sg', 'sg', 'syc', 'sg', 'sg', 'syc', 'sg', 'sg', 'syc', 'sg', 'sg', 'syc', 'sg', 'sg', 'syc', 'syc', 'sg', 'sg', 'syc', 'sg', 'sg', 'syc', 'sg', 'sg', 'syc', 'sg', 'sg', 'syc', 'syc', 'sg', 'sg', 'syc', 'sg', 'sg', 'syc', 'sg', 'sg', 'syc', 'sg', 'sg', 'syc', 'sg', 'sg', 'syc', 'sg', 'sg', 'syc', 'sg', 'sg', 'syc', 'syc', 'sg', 'sg', 'syc', 'sg', 'sg', 'syc', 'sg', 'sg', 'syc', 'sg', 'sg', 'syc', 'sg', 'sg', 'syc', 'sg', 'sg', 'syc', 'sg', 'sg', 'syc', 'syc', 'sg', 'sg', 'syc', 'sg', 'sg', 'syc', 'sg', 'sg', 'syc', 'sg', 'sg', 'syc', 'sg', 'sg', 'syc', 'sg', 'sg', 'syc', 'sg', 'sg', 'syc', 'syc', 'sg', 'sg', 'syc', 'syc', 'sg', 'sg', 'syc', 'syc', 'sg', 'sg', 'syc', 'syc', 'sg', 'sg', 'syc', 'sg', 'sg', 'syc', 'sg', 'sg', 'syc', 'sg', 'sg', 'syc', 'syc', 'sg', 'sg', 'syc', 'sg', 'sg', 'syc', 'sg', 'sg', 'syc', 'sg', 'sg', 'syc', 'syc', 'sg', 'sg', 'syc', 'sg', 'sg', 'syc', 'sg', 'sg', 'syc', 'sg', 'sg', 'syc']",
sabre_basic,0.30270227496335583,161,91,6,"[116, 151, 107, 75, 124, 74, 88, 137]","[0.991, 0.991, 0.991, 0.991, 0.991, 0.991, 0.991, 0.991, 0.991, 0.991, 0.991, 0.991, 0.986, 0.986, 0.986, 0.986, 0.986, 0.986, 0.991, 0.991, 0.991, 0.991, 0.986, 0.986, 0.986, 0.986, 0.991, 0.986, 0.986, 0.986, 0.986, 0.986, 0.986, 0.991, 0.991, 0.991, 0.991, 0.991, 0.991, 0.986, 0.986, 0.986, 0.986, 0.991, 0.986, 0.986, 0.986, 0.986, 0.986, 0.986, 0.991, 0.991, 0.991, 0.991, 0.991, 0.991, 0.991, 0.991, 0.991, 0.991, 0.991, 0.991, 0.986, 0.986, 0.986, 0.986, 0.986, 0.986, 0.986, 0.986, 0.986, 0.986, 0.991, 0.991, 0.991, 0.991, 0.991, 0.991, 0.991, 0.991, 0.991, 0.991, 0.991, 0.991, 0.991, 0.991, 0.991, 0.991, 0.991, 0.991, 0.991]","[(6, 7), [6], [7], (6, 7), [6], [7], (6, 7), [6], [7], (1, 2), [1], [2], (1, 2), [1], [2], (1, 2), [1], [2], (5, 6), [5], [6], (5, 6), [5], [6], (5, 6), [5], [6], [0], (0, 5), [0], [5], (0, 5), [0], [5], (0, 5), [0], [5], (0, 3), [0], [3], (0, 3), [0], [3], (0, 3), [0], [3], (5, 6), [5], [6], (5, 6), [5], [6], (5, 6), [5], [6], (2, 3), [2], [3], (2, 3), (6, 7), [6], [7], (6, 7), (5, 6), [5], [6], (5, 6), [5], [6], (5, 6), [5], [6], (3, 4), [3], [4], (3, 4), (0, 5), [0], [5], (0, 5), [0], [5], (0, 5), [0], [5], (6, 7), [6], [7], (6, 7), [6], [7], (6, 7), [6], [7], (0, 3), [0], [3], (0, 3), [0], [3], (0, 3), [0], [3], (2, 3), [2], [3], (2, 3), [2], [3], (2, 3), [2], [3], (1, 2), [1], [2], (1, 2), (3, 4), [3], [4], (3, 4), [3], [4], (3, 4), [3], [4], (2, 3), [2], [3], (2, 3), [2], [3], (2, 3), [2], [3], (4, 5), [4], [5], (4, 5), [4], [5], (4, 5), [4], [5], (1, 2), [1], [2], (1, 2), (2, 3), [2], [3], (2, 3), [2], [3], (2, 3), [2], [3], (3, 4), [3], [4], (3, 4), (4, 5), [4], [5], (4, 5), (5, 6), [5], [6], (5, 6), [5], [6], (5, 6), [5], [6], (4, 5), [4], [5], (4, 5), [4], [5], (4, 5), [4], [5], (6, 7), [6], [7], (6, 7), [6], [7], (6, 7), [6], [7], (3, 4), [3], [4], (3, 4), [3], [4], (3, 4), [3], [4], (5, 6), [5], [6], (5, 6), (2, 3), [2], [3], (2, 3), [2], [3], (2, 3), [2], [3], (6, 7), [6], [7], (6, 7), (5, 6), [5], [6], (5, 6), [5], [6], (5, 6), [5], [6], (1, 2), [1], [2], (1, 2), (0, 5), [0], [5], (0, 5), [0], [5], (0, 5), [0], [5], (0, 3), [0], [3], (0, 3), [0], [3], (0, 3), [0], [3], (2, 3), [2], [3], (2, 3)]","['syc', 'sg', 'sg', 'syc', 'sg', 'sg', 'syc', 'sg', 'sg', 'syc', 'sg', 'sg', 'syc', 'sg', 'sg', 'syc', 'sg', 'sg', 'syc', 'sg', 'sg', 'syc', 'sg', 'sg', 'syc', 'sg', 'sg', 'sg', 'syc', 'sg', 'sg', 'syc', 'sg', 'sg', 'syc', 'sg', 'sg', 'syc', 'sg', 'sg', 'syc', 'sg', 'sg', 'syc', 'sg', 'sg', 'syc', 'sg', 'sg', 'syc', 'sg', 'sg', 'syc', 'sg', 'sg', 'syc', 'sg', 'sg', 'syc', 'syc', 'sg', 'sg', 'syc', 'syc', 'sg', 'sg', 'syc', 'sg', 'sg', 'syc', 'sg', 'sg', 'syc', 'sg', 'sg', 'syc', 'syc', 'sg', 'sg', 'syc', 'sg', 'sg', 'syc', 'sg', 'sg', 'syc', 'sg', 'sg', 'syc', 'sg', 'sg', 'syc', 'sg', 'sg', 'syc', 'sg', 'sg', 'syc', 'sg', 'sg', 'syc', 'sg', 'sg', 'syc', 'sg', 'sg', 'syc', 'sg', 'sg', 'syc', 'sg', 'sg', 'syc', 'sg', 'sg', 'syc', 'syc', 'sg', 'sg', 'syc', 'sg', 'sg', 'syc', 'sg', 'sg', 'syc', 'sg', 'sg', 'syc', 'sg', 'sg', 'syc', 'sg', 'sg', 'syc', 'sg', 'sg', 'syc', 'sg', 'sg', 'syc', 'sg', 'sg', 'syc', 'sg', 'sg', 'syc', 'syc', 'sg', 'sg', 'syc', 'sg', 'sg', 'syc', 'sg', 'sg', 'syc', 'sg', 'sg', 'syc', 'syc', 'sg', 'sg', 'syc', 'syc', 'sg', 'sg', 'syc', 'sg', 'sg', 'syc', 'sg', 'sg', 'syc', 'sg', 'sg', 'syc', 'sg', 'sg', 'syc', 'sg', 'sg', 'syc', 'sg', 'sg', 'syc', 'sg', 'sg', 'syc', 'sg', 'sg', 'syc', 'sg', 'sg', 'syc', 'sg', 'sg', 'syc', 'sg', 'sg', 'syc', 'sg', 'sg', 'syc', 'syc', 'sg', 'sg', 'syc', 'sg', 'sg', 'syc', 'sg', 'sg', 'syc', 'sg', 'sg', 'syc', 'syc', 'sg', 'sg', 'syc', 'sg', 'sg', 'syc', 'sg', 'sg', 'syc', 'sg', 'sg', 'syc', 'syc', 'sg', 'sg', 'syc', 'sg', 'sg', 'syc', 'sg', 'sg', 'syc', 'sg', 'sg', 'syc', 'sg', 'sg', 'syc', 'sg', 'sg', 'syc', 'sg', 'sg', 'syc']",
sabre_lookahead,0.3943331515737371,120,72,6,"[91, 140, 91, 70, 141, 70, 97, 140]","[0.986, 0.986, 0.986, 0.986, 0.986, 0.986, 0.986, 0.986, 0.986, 0.986, 0.986, 0.986, 0.991, 0.991, 0.991, 0.991, 0.991, 0.991, 0.991, 0.991, 0.991, 0.991, 0.991, 0.991, 0.991, 0.991, 0.991, 0.991, 0.991, 0.991, 0.986, 0.986, 0.986, 0.986, 0.986, 0.986, 0.991, 0.991, 0.991, 0.991, 0.991, 0.991, 0.991, 0.991, 0.991, 0.991, 0.986, 0.986, 0.986, 0.986, 0.991, 0.991, 0.991, 0.986, 0.986, 0.986, 0.986, 0.991, 0.991, 0.991, 0.991, 0.991, 0.991, 0.991, 0.991, 0.991, 0.991, 0.991, 0.991, 0.991, 0.991, 0.991]","[(0, 5), [0], [5], (0, 5), [0], [5], (0, 5), [0], [5], (2, 3), [2], [3], (2, 3), [2], [3], (2, 3), [2], [3], (5, 6), [5], [6], (5, 6), [5], [6], (5, 6), [5], [6], (0, 3), [0], [3], (0, 3), [0], [3], (0, 3), [0], [3], (6, 7), [6], [7], (6, 7), (5, 6), [5], [6], (5, 6), (0, 5), [0], [5], (0, 5), [0], [5], (0, 5), [0], [5], (5, 6), [5], [6], (5, 6), (6, 7), [6], [7], (6, 7), [6], [7], (6, 7), [6], [7], (5, 6), [5], [6], (5, 6), [5], [6], (5, 6), [5], [6], (0, 5), [0], [5], (0, 5), [0], [5], (0, 5), [0], [5], (0, 3), [0], [3], (0, 3), [0], [3], (0, 3), [0], [3], (5, 6), [5], [6], (5, 6), [5], [6], (5, 6), [5], [6], (2, 3), [2], [3], (2, 3), [2], [3], (2, 3), [2], [3], (1, 2), [1], [2], (1, 2), (2, 3), [2], [3], (2, 3), [2], [3], (2, 3), [2], [3], (3, 4), [3], [4], (3, 4), (2, 3), [2], [3], (2, 3), [2], [3], (2, 3), [2], [3], (4, 5), [4], [5], (4, 5), (1, 2), [1], [2], (1, 2), [1], [2], (1, 2), [1], [2], (3, 4), [3], [4], (3, 4), (5, 6), [5], [6], (5, 6), (2, 3), [2], [3], (2, 3), (0, 3), [0], [3], (0, 3), (2, 3), [2], [3], (2, 3), [2], [3], (2, 3), [2], [3], (0, 3), [0], [3], (0, 3), (0, 5), [0], [5], (0, 5), [0], [5], (0, 5), [0], [5], (5, 6), [5], [6], (5, 6)]","['syc', 'sg', 'sg', 'syc', 'sg', 'sg', 'syc', 'sg', 'sg', 'syc', 'sg', 'sg', 'syc', 'sg', 'sg', 'syc', 'sg', 'sg', 'syc', 'sg', 'sg', 'syc', 'sg', 'sg', 'syc', 'sg', 'sg', 'syc', 'sg', 'sg', 'syc', 'sg', 'sg', 'syc', 'sg', 'sg', 'syc', 'sg', 'sg', 'syc', 'syc', 'sg', 'sg', 'syc', 'syc', 'sg', 'sg', 'syc', 'sg', 'sg', 'syc', 'sg', 'sg', 'syc', 'sg', 'sg', 'syc', 'syc', 'sg', 'sg', 'syc', 'sg', 'sg', 'syc', 'sg', 'sg', 'syc', 'sg', 'sg', 'syc', 'sg', 'sg', 'syc', 'sg', 'sg', 'syc', 'sg', 'sg', 'syc', 'sg', 'sg', 'syc', 'sg', 'sg', 'syc', 'sg', 'sg', 'syc', 'sg', 'sg', 'syc', 'sg', 'sg', 'syc', 'sg', 'sg', 'syc', 'sg', 'sg', 'syc', 'sg', 'sg', 'syc', 'sg', 'sg', 'syc', 'sg', 'sg', 'syc', 'sg', 'sg', 'syc', 'sg', 'sg', 'syc', 'syc', 'sg', 'sg', 'syc', 'sg', 'sg', 'syc', 'sg', 'sg', 'syc', 'sg', 'sg', 'syc', 'syc', 'sg', 'sg', 'syc', 'sg', 'sg', 'syc', 'sg', 'sg', 'syc', 'sg', 'sg', 'syc', 'syc', 'sg', 'sg', 'syc', 'sg', 'sg', 'syc', 'sg', 'sg', 'syc', 'sg', 'sg', 'syc', 'syc', 'sg', 'sg', 'syc', 'syc', 'sg', 'sg', 'syc', 'syc', 'sg', 'sg', 'syc', 'syc', 'sg', 'sg', 'syc', 'sg', 'sg', 'syc', 'sg', 'sg', 'syc', 'sg', 'sg', 'syc', 'syc', 'sg', 'sg', 'syc', 'sg', 'sg', 'syc', 'sg', 'sg', 'syc', 'sg', 'sg', 'syc']",
sabre_decay,0.3759465371311112,126,75,6,"[90, 103, 59, 69, 95, 46, 87, 121]","[0.986, 0.986, 0.986, 0.986, 0.986, 0.986, 0.981, 0.986, 0.986, 0.981, 0.986, 0.986, 0.981, 0.986, 0.986, 0.991, 0.991, 0.991, 0.991, 0.991, 0.991, 0.991, 0.991, 0.991, 0.991, 0.991, 0.991, 0.991, 0.991, 0.991, 0.991, 0.991, 0.991, 0.991, 0.991, 0.991, 0.991, 0.991, 0.991, 0.991, 0.991, 0.986, 0.986, 0.986, 0.986, 0.991, 0.991, 0.991, 0.991, 0.991, 0.991, 0.991, 0.991, 0.991, 0.986, 0.986, 0.986, 0.986, 0.986, 0.986, 0.986, 0.986, 0.991, 0.991, 0.991, 0.991, 0.991, 0.991, 0.991, 0.991, 0.991, 0.991, 0.991, 0.991, 0.991]","[(2, 3), [2], [3], (2, 3), [2], [3], (2, 3), [2], [3], (0, 5), [0], [5], (0, 5), [0], [5], (0, 5), [0], [5], (1, 2), [1], [2], (1, 2), [1], [2], (1, 2), [1], [2], (0, 3), [0], [3], (0, 3), [0], [3], (0, 3), [0], [3], (5, 6), [5], [6], (5, 6), [5], [6], (5, 6), [5], [6], (2, 3), [2], [3], (2, 3), [2], [3], (2, 3), [2], [3], (6, 7), [6], [7], (6, 7), (5, 6), [5], [6], (5, 6), (1, 2), [1], [2], (1, 2), [1], [2], (1, 2), [1], [2], (0, 5), [0], [5], (0, 5), [0], [5], (0, 5), [0], [5], (5, 6), [5], [6], (5, 6), (6, 7), [6], [7], (6, 7), [6], [7], (6, 7), [6], [7], (5, 6), [5], [6], (5, 6), [5], [6], (5, 6), [5], [6], (0, 5), [0], [5], (0, 5), [0], [5], (0, 5), [0], [5], (0, 3), [0], [3], (0, 3), (0, 4), [0], [4], (0, 4), (2, 3), [2], [3], (2, 3), [2], [3], (2, 3), [2], [3], (4, 5), [4], [5], (4, 5), [4], [5], (4, 5), [4], [5], (5, 6), [5], [6], (5, 6), (4, 5), [4], [5], (4, 5), [4], [5], (4, 5), [4], [5], (3, 4), [3], [4], (3, 4), (5, 6), [5], [6], (5, 6), (2, 3), [2], [3], (2, 3), (4, 5), [4], [5], (4, 5), [4], [5], (4, 5), [4], [5], (1, 2), [1], [2], (1, 2), [1], [2], (1, 2), [1], [2], (2, 3), [2], [3], (2, 3), (1, 2), [1], [2], (1, 2), (2, 3), [2], [3], (2, 3), [2], [3], (2, 3), [2], [3], (3, 4), [3], [4], (3, 4)]","['syc', 'sg', 'sg', 'syc', 'sg', 'sg', 'syc', 'sg', 'sg', 'syc', 'sg', 'sg', 'syc', 'sg', 'sg', 'syc', 'sg', 'sg', 'syc', 'sg', 'sg', 'syc', 'sg', 'sg', 'syc', 'sg', 'sg', 'syc', 'sg', 'sg', 'syc', 'sg', 'sg', 'syc', 'sg', 'sg', 'syc', 'sg', 'sg', 'syc', 'sg', 'sg', 'syc', 'sg', 'sg', 'syc', 'sg', 'sg', 'syc', 'sg', 'sg', 'syc', 'sg', 'sg', 'syc', 'sg', 'sg', 'syc', 'syc', 'sg', 'sg', 'syc', 'syc', 'sg', 'sg', 'syc', 'sg', 'sg', 'syc', 'sg', 'sg', 'syc', 'sg', 'sg', 'syc', 'sg', 'sg', 'syc', 'sg', 'sg', 'syc', 'sg', 'sg', 'syc', 'syc', 'sg', 'sg', 'syc', 'sg', 'sg', 'syc', 'sg', 'sg', 'syc', 'sg', 'sg', 'syc', 'sg', 'sg', 'syc', 'sg', 'sg', 'syc', 'sg', 'sg', 'syc', 'sg', 'sg', 'syc', 'sg', 'sg', 'syc', 'sg', 'sg', 'syc', 'syc', 'sg', 'sg', 'syc', 'syc', 'sg', 'sg', 'syc', 'sg', 'sg', 'syc', 'sg', 'sg', 'syc', 'sg', 'sg', 'syc', 'sg', 'sg', 'syc', 'sg', 'sg', 'syc', 'sg', 'sg', 'syc', 'syc', 'sg', 'sg', 'syc', 'sg', 'sg', 'syc', 'sg', 'sg', 'syc', 'sg', 'sg', 'syc', 'syc', 'sg', 'sg', 'syc', 'syc', 'sg', 'sg', 'syc', 'syc', 'sg', 'sg', 'syc', 'sg', 'sg', 'syc', 'sg', 'sg', 'syc', 'sg', 'sg', 'syc', 'sg', 'sg', 'syc', 'sg', 'sg', 'syc', 'sg', 'sg', 'syc', 'syc', 'sg', 'sg', 'syc', 'syc', 'sg', 'sg', 'syc', 'sg', 'sg', 'syc', 'sg', 'sg', 'syc', 'sg', 'sg', 'syc']",
